date,pubDate,state,firstDosesCumulative,firstDosesCumulativeBioNTech,firstDosesCumulativeModerna,firstDosesPercent,firstDosesDueToAge,firstDosesDueToProfession,firstDosesDueToMedicalReasons,firstDosesToNursingHomeResidents,secondDosesCumulative,secondDosesCumulativeBioNTech,secondDosesCumulativeModerna,secondDosesPercent,secondDosesDueToAge,secondDosesDueToProfession,secondDosesDueToMedicalReasons,secondDosesToNursingHomeResidents
2020-12-27,2020-12-28,Baden-Württemberg,2084,2084,0,0.01877410838,624,964,151,0,0,0,0,0,0,0,0,0
2020-12-27,2020-12-28,Bayern,3389,3389,0,0.02582146979,994,1051,68,1620,0,0,0,0,0,0,0,0
2020-12-27,2020-12-28,Berlin,1626,1626,0,0.04431132274,1416,228,105,1398,0,0,0,0,0,0,0,0
2020-12-27,2020-12-28,Brandenburg,100,100,0,0.003965275291,80,20,0,12,0,0,0,0,0,0,0,0
2020-12-27,2020-12-28,Bremen,420,420,0,0.06165572033,205,87,0,0,0,0,0,0,0,0,0,0
2020-12-27,2020-12-28,Hamburg,445,445,0,0.02408982419,197,222,0,223,0,0,0,0,0,0,0,0
2020-12-27,2020-12-28,Hessen,3112,3112,0,0.0494904645,1086,1694,154,1347,0,0,0,0,0,0,0,0
2020-12-27,2020-12-28,Mecklenburg-Vorpommern,590,590,0,0.03668839366,0,240,0,350,0,0,0,0,0,0,0,0
2020-12-27,2020-12-28,Niedersachsen,334,334,0,0.004178338492,42,116,140,306,0,0,0,0,0,0,0,0
2020-12-27,2020-12-28,Nordrhein-Westfalen,5405,5405,0,0.03011608315,0,1370,0,3985,0,0,0,0,0,0,0,0
2020-12-27,2020-12-28,Rheinland-Pfalz,1252,1252,0,0.03058206313,0,620,0,632,0,0,0,0,0,0,0,0
2020-12-27,2020-12-28,Saarland,215,215,0,0.02178567556,168,4,0,211,0,0,0,0,0,0,0,0
2020-12-27,2020-12-28,Sachsen,182,182,0,0.004469579965,90,69,0,113,0,0,0,0,0,0,0,0
2020-12-27,2020-12-28,Sachsen-Anhalt,1504,1504,0,0.06852616797,669,644,0,847,0,0,0,0,0,0,0,0
2020-12-27,2020-12-28,Schleswig-Holstein,809,809,0,0.02786030451,213,239,344,553,0,0,0,0,0,0,0,0
2020-12-27,2020-12-28,Thüringen,99,99,0,0.004640527839,49,50,0,49,0,0,0,0,0,0,0,0
2020-12-29,2020-12-29,Baden-Württemberg,4721,4721,0,0.04253002191,1720,1877,326,192,0,0,0,0,0,0,0,0
2020-12-29,2020-12-29,Bayern,5219,5219,0,0.03976460633,1457,1830,91,2423,0,0,0,0,0,0,0,0
2020-12-29,2020-12-29,Berlin,3839,3839,0,0.1046194145,3340,517,105,3322,0,0,0,0,0,0,0,0
2020-12-29,2020-12-29,Brandenburg,107,107,0,0.004242844562,60,47,0,60,0,0,0,0,0,0,0,0
2020-12-29,2020-12-29,Bremen,592,592,0,0.0869052058,276,133,0,278,0,0,0,0,0,0,0,0
2020-12-29,2020-12-29,Hamburg,1071,1071,0,0.05797798136,507,471,0,600,0,0,0,0,0,0,0,0
2020-12-29,2020-12-29,Hessen,4354,4354,0,0.0692421216,1480,2425,287,1702,0,0,0,0,0,0,0,0
2020-12-29,2020-12-29,Mecklenburg-Vorpommern,4170,4170,0,0.2593061043,100,1862,2,2209,0,0,0,0,0,0,0,0
2020-12-29,2020-12-29,Niedersachsen,835,835,0,0.01044584623,79,370,141,552,0,0,0,0,0,0,0,0
2020-12-29,2020-12-29,Nordrhein-Westfalen,7136,7136,0,0.03976103041,0,1788,0,5348,0,0,0,0,0,0,0,0
2020-12-29,2020-12-29,Rheinland-Pfalz,1462,1462,0,0.03571164241,0,715,0,747,0,0,0,0,0,0,0,0
2020-12-29,2020-12-29,Saarland,862,862,0,0.0873453597,658,51,0,466,0,0,0,0,0,0,0,0
2020-12-29,2020-12-29,Sachsen,857,857,0,0.02104631885,240,551,1,305,0,0,0,0,0,0,0,0
2020-12-29,2020-12-29,Sachsen-Anhalt,3985,3985,0,0.1815670076,1592,1678,124,2292,0,0,0,0,0,0,0,0
2020-12-29,2020-12-29,Schleswig-Holstein,2495,2495,0,0.08592269437,588,528,584,1136,0,0,0,0,0,0,0,0
2020-12-29,2020-12-29,Thüringen,257,257,0,0.01204662277,135,121,0,135,0,0,0,0,0,0,0,0
2020-12-30,2020-12-31,Baden-Württemberg,12649,12649,0,0.1139509102,5347,4196,763,1831,0,0,0,0,0,0,0,0
2020-12-30,2020-12-31,Bayern,28206,28206,0,0.2149071635,5831,13981,424,10347,0,0,0,0,0,0,0,0
2020-12-30,2020-12-31,Berlin,9084,9084,0,0.2475547699,6554,2733,105,6350,0,0,0,0,0,0,0,0
2020-12-30,2020-12-31,Brandenburg,3036,3036,0,0.1203857578,204,2812,20,224,0,0,0,0,0,0,0,0
2020-12-30,2020-12-31,Bremen,1691,1691,0,0.248237674,821,408,5,510,0,0,0,0,0,0,0,0
2020-12-30,2020-12-31,Hamburg,2040,2040,0,0.1104342502,832,1042,0,999,0,0,0,0,0,0,0,0
2020-12-30,2020-12-31,Hessen,15674,15674,0,0.2492652765,4677,8681,712,6512,0,0,0,0,0,0,0,0
2020-12-30,2020-12-31,Mecklenburg-Vorpommern,11101,11101,0,0.6903014542,173,6349,7,4651,0,0,0,0,0,0,0,0
2020-12-30,2020-12-31,Niedersachsen,2705,2705,0,0.03383953779,296,1512,315,1423,0,0,0,0,0,0,0,0
2020-12-30,2020-12-31,Nordrhein-Westfalen,19930,19930,0,0.111047833,0,6610,0,13693,0,0,0,0,0,0,0,0
2020-12-30,2020-12-31,Rheinland-Pfalz,4247,4247,0,0.1037396343,0,1941,0,2306,0,0,0,0,0,0,0,0
2020-12-30,2020-12-31,Saarland,2119,2119,0,0.2147155652,1641,161,0,899,0,0,0,0,0,0,0,0
2020-12-30,2020-12-31,Sachsen,2653,2653,0,0.06515272334,150,2460,1,192,0,0,0,0,0,0,0,0
2020-12-30,2020-12-31,Sachsen-Anhalt,10100,10100,0,0.460182378,3107,5068,300,4815,0,0,0,0,0,0,0,0
2020-12-30,2020-12-31,Schleswig-Holstein,5581,5581,0,0.1921982194,1385,3361,1175,2241,0,0,0,0,0,0,0,0
2020-12-30,2020-12-31,Thüringen,810,810,0,0.03796795505,232,297,0,413,0,0,0,0,0,0,0,0
2020-12-31,2021-01-01,Baden-Württemberg,17086,17086,0,0.1539224644,7578,5423,1037,2693,0,0,0,0,0,0,0,0
2020-12-31,2021-01-01,Bayern,37955,37955,0,0.2891867471,7840,18450,718,14265,0,0,0,0,0,0,0,0
2020-12-31,2021-01-01,Berlin,11114,11114,0,0.3028757939,7029,2952,105,8161,0,0,0,0,0,0,0,0
2020-12-31,2021-01-01,Brandenburg,3219,3219,0,0.1276422116,204,2995,20,224,0,0,0,0,0,0,0,0
2020-12-31,2021-01-01,Bremen,1741,1741,0,0.2555776407,821,408,6,237,0,0,0,0,0,0,0,0
2020-12-31,2021-01-01,Hamburg,2759,2759,0,0.14935691,1129,1420,0,1341,0,0,0,0,0,0,0,0
2020-12-31,2021-01-01,Hessen,21373,21373,0,0.3398970751,6073,12345,821,8513,0,0,0,0,0,0,0,0
2020-12-31,2021-01-01,Mecklenburg-Vorpommern,11494,11494,0,0.7147396554,178,6583,8,4804,0,0,0,0,0,0,0,0
2020-12-31,2021-01-01,Niedersachsen,3566,3566,0,0.0446106439,567,1981,654,2044,0,0,0,0,0,0,0,0
2020-12-31,2021-01-01,Nordrhein-Westfalen,24924,24924,0,0.138873868,0,8963,0,16334,0,0,0,0,0,0,0,0
2020-12-31,2021-01-01,Rheinland-Pfalz,5112,5112,0,0.1248686156,0,2329,0,2783,0,0,0,0,0,0,0,0
2020-12-31,2021-01-01,Saarland,2716,2716,0,0.2752088132,2065,248,0,1080,0,0,0,0,0,0,0,0
2020-12-31,2021-01-01,Sachsen,3290,3290,0,0.08079625321,226,2754,1,535,0,0,0,0,0,0,0,0
2020-12-31,2021-01-01,Sachsen-Anhalt,11146,11146,0,0.5078408698,3506,5582,458,5346,0,0,0,0,0,0,0,0
2020-12-31,2021-01-01,Schleswig-Holstein,7270,7270,0,0.2503639231,1766,4523,1527,2817,0,0,0,0,0,0,0,0
2020-12-31,2021-01-01,Thüringen,810,810,0,0.03796795505,232,297,0,413,0,0,0,0,0,0,0,0
2021-01-01,2021-01-02,Baden-Württemberg,20045,20045,0,0.1805791758,9087,6185,1189,3403,0,0,0,0,0,0,0,0
2021-01-01,2021-01-02,Bayern,39005,39005,0,0.2971869074,7840,19500,718,14265,0,0,0,0,0,0,0,0
2021-01-01,2021-01-02,Berlin,13137,13137,0,0.3580060559,8662,3319,105,9817,0,0,0,0,0,0,0,0
2021-01-01,2021-01-02,Brandenburg,3219,3219,0,0.1276422116,204,2995,20,224,0,0,0,0,0,0,0,0
2021-01-01,2021-01-02,Bremen,1741,1741,0,0.2555776407,821,408,6,237,0,0,0,0,0,0,0,0
2021-01-01,2021-01-02,Hamburg,3042,3042,0,0.1646769555,1129,1703,0,1341,0,0,0,0,0,0,0,0
2021-01-01,2021-01-02,Hessen,24791,24791,0,0.3942538899,6909,14480,955,9680,0,0,0,0,0,0,0,0
2021-01-01,2021-01-02,Mecklenburg-Vorpommern,11494,11494,0,0.7147396554,178,6583,8,4804,0,0,0,0,0,0,0,0
2021-01-01,2021-01-02,Niedersachsen,3945,3945,0,0.04935193219,773,2105,827,2362,0,0,0,0,0,0,0,0
2021-01-01,2021-01-02,Nordrhein-Westfalen,33375,33375,0,0.1859619381,0,11846,0,21537,0,0,0,0,0,0,0,0
2021-01-01,2021-01-02,Rheinland-Pfalz,6898,6898,0,0.168494466,0,3166,0,3732,0,0,0,0,0,0,0,0
2021-01-01,2021-01-02,Saarland,3316,3316,0,0.3360060473,2508,335,0,1294,0,0,0,0,0,0,0,0
2021-01-01,2021-01-02,Sachsen,4000,4000,0,0.09823252671,297,3320,1,679,0,0,0,0,0,0,0,0
2021-01-01,2021-01-02,Sachsen-Anhalt,11771,11771,0,0.5363175021,3782,5760,495,5793,0,0,0,0,0,0,0,0
2021-01-01,2021-01-02,Schleswig-Holstein,7964,7964,0,0.2742638629,2130,4690,1798,3384,0,0,0,0,0,0,0,0
2021-01-01,2021-01-02,Thüringen,810,810,0,0.03796795505,232,297,0,413,0,0,0,0,0,0,0,0
2021-01-02,2021-01-03,Baden-Württemberg,24063,24063,0,0.2167760892,11041,7428,1382,4200,0,0,0,0,0,0,0,0
2021-01-02,2021-01-03,Bayern,57833,57833,0,0.4406412106,12855,25636,1091,20428,0,0,0,0,0,0,0,0
2021-01-02,2021-01-03,Berlin,14616,14616,0,0.3983113734,9817,3647,105,10968,0,0,0,0,0,0,0,0
2021-01-02,2021-01-03,Brandenburg,3219,3219,0,0.1276422116,204,2995,20,224,0,0,0,0,0,0,0,0
2021-01-02,2021-01-03,Bremen,1837,1837,0,0.2696703768,824,465,9,265,0,0,0,0,0,0,0,0
2021-01-02,2021-01-03,Hamburg,3704,3704,0,0.2005139523,1439,2010,0,1696,0,0,0,0,0,0,0,0
2021-01-02,2021-01-03,Hessen,30085,30085,0,0.4784449307,8443,17635,1096,11569,0,0,0,0,0,0,0,0
2021-01-02,2021-01-03,Mecklenburg-Vorpommern,11494,11494,0,0.7147396554,178,6583,8,4804,0,0,0,0,0,0,0,0
2021-01-02,2021-01-03,Niedersachsen,4962,4962,0,0.0620745976,912,2641,982,2918,0,0,0,0,0,0,0,0
2021-01-02,2021-01-03,Nordrhein-Westfalen,48691,48691,0,0.2713010555,0,18806,0,29893,0,0,0,0,0,0,0,0
2021-01-02,2021-01-03,Rheinland-Pfalz,7248,7248,0,0.1770437648,0,3516,0,3732,0,0,0,0,0,0,0,0
2021-01-02,2021-01-03,Saarland,4149,4149,0,0.420412874,3122,495,0,1580,0,0,0,0,0,0,0,0
2021-01-02,2021-01-03,Sachsen,4343,4343,0,0.1066559659,368,3535,1,807,0,0,0,0,0,0,0,0
2021-01-02,2021-01-03,Sachsen-Anhalt,12822,12822,0,0.584203807,4237,6194,546,6410,0,0,0,0,0,0,0,0
2021-01-02,2021-01-03,Schleswig-Holstein,8933,8933,0,0.30763424,2525,5136,2077,3987,0,0,0,0,0,0,0,0
2021-01-02,2021-01-03,Thüringen,810,810,0,0.03796795505,232,297,0,413,0,0,0,0,0,0,0,0
2021-01-03,2021-01-04,Baden-Württemberg,27454,27454,0,0.2473245544,12584,8739,1469,4932,0,0,0,0,0,0,0,0
2021-01-03,2021-01-04,Bayern,66258,66258,0,0.504832973,15480,31755,1280,23823,0,0,0,0,0,0,0,0
2021-01-03,2021-01-04,Berlin,17758,17758,0,0.483936328,10507,6132,105,11625,0,0,0,0,0,0,0,0
2021-01-03,2021-01-04,Brandenburg,3309,3309,0,0.1312109594,204,3085,20,224,0,0,0,0,0,0,0,0
2021-01-03,2021-01-04,Bremen,1903,1903,0,0.2793591328,824,506,9,289,0,0,0,0,0,0,0,0
2021-01-03,2021-01-04,Hamburg,4140,4140,0,0.2241165666,1616,2189,0,1953,0,0,0,0,0,0,0,0
2021-01-03,2021-01-04,Hessen,33405,33405,0,0.5312432412,9387,19405,1185,12955,0,0,0,0,0,0,0,0
2021-01-03,2021-01-04,Mecklenburg-Vorpommern,11494,11494,0,0.7147396554,178,6583,8,4804,0,0,0,0,0,0,0,0
2021-01-03,2021-01-04,Niedersachsen,5394,5394,0,0.06747891565,992,2822,1035,3178,0,0,0,0,0,0,0,0
2021-01-03,2021-01-04,Nordrhein-Westfalen,53841,53841,0,0.2999963058,0,21354,0,32495,0,0,0,0,0,0,0,0
2021-01-03,2021-01-04,Rheinland-Pfalz,8282,8282,0,0.2023008361,0,4213,0,4069,0,0,0,0,0,0,0,0
2021-01-03,2021-01-04,Saarland,4149,4149,0,0.420412874,3122,495,0,1580,0,0,0,0,0,0,0,0
2021-01-03,2021-01-04,Sachsen,4866,4866,0,0.1194998687,487,3765,1,1100,0,0,0,0,0,0,0,0
2021-01-03,2021-01-04,Sachsen-Anhalt,13366,13366,0,0.6089898678,4391,6446,562,6702,0,0,0,0,0,0,0,0
2021-01-03,2021-01-04,Schleswig-Holstein,9557,9557,0,0.3291235231,2801,5317,2325,4512,0,0,0,0,0,0,0,0
2021-01-03,2021-01-04,Thüringen,810,810,0,0.03796795505,232,297,0,413,0,0,0,0,0,0,0,0
2021-01-04,2021-01-05,Baden-Württemberg,32182,32182,0,0.2899176372,15546,9828,1716,5642,0,0,0,0,0,0,0,0
2021-01-04,2021-01-05,Bayern,77876,77876,0,0.593352842,18188,38306,1554,26500,0,0,0,0,0,0,0,0
2021-01-04,2021-01-05,Berlin,19389,19389,0,0.5283839094,11608,6783,105,12575,0,0,0,0,0,0,0,0
2021-01-04,2021-01-05,Brandenburg,3334,3334,0,0.1322022782,227,3087,20,224,0,0,0,0,0,0,0,0
2021-01-04,2021-01-05,Bremen,2653,2653,0,0.3894586334,942,811,18,651,0,0,0,0,0,0,0,0
2021-01-04,2021-01-05,Hamburg,4756,4756,0,0.2574633794,1704,2698,0,2060,0,0,0,0,0,0,0,0
2021-01-04,2021-01-05,Hessen,37795,37795,0,0.6010578746,10329,22051,1492,14561,0,0,0,0,0,0,0,0
2021-01-04,2021-01-05,Mecklenburg-Vorpommern,13832,13832,0,0.8601251883,242,7738,29,5968,0,0,0,0,0,0,0,0
2021-01-04,2021-01-05,Niedersachsen,8665,8665,0,0.1083991109,1791,4198,1915,5251,0,0,0,0,0,0,0,0
2021-01-04,2021-01-05,Nordrhein-Westfalen,62692,62692,0,0.3493131332,0,25744,0,36956,0,0,0,0,0,0,0,0
2021-01-04,2021-01-05,Rheinland-Pfalz,9891,9891,0,0.2416031841,0,5435,0,4456,0,0,0,0,0,0,0,0
2021-01-04,2021-01-05,Saarland,4836,4836,0,0.4900257071,3655,584,0,1823,0,0,0,0,0,0,0,0
2021-01-04,2021-01-05,Sachsen,7740,7740,0,0.1900799392,662,6354,1,1385,0,0,0,0,0,0,0,0
2021-01-04,2021-01-05,Sachsen-Anhalt,15628,15628,0,0.7120524954,4967,7523,649,7804,0,0,0,0,0,0,0,0
2021-01-04,2021-01-05,Schleswig-Holstein,12978,12978,0,0.4469357625,3427,6611,2716,5616,0,0,0,0,0,0,0,0
2021-01-04,2021-01-05,Thüringen,2715,2715,0,0.1272629604,446,1976,1,413,0,0,0,0,0,0,0,0
2021-01-05,2021-01-06,Baden-Württemberg,37840,37840,0,0.34088880088400464,18907,11336,2023,6476,0,0,0,0,0,0,0,0
2021-01-05,2021-01-06,Bayern,82749,82749,0,0.6304812050710045,18957,40959,1573,28182,0,0,0,0,0,0,0,0
2021-01-05,2021-01-06,Berlin,21955,21955,0,0.598311863961514,13487,7648,105,14247,0,0,0,0,0,0,0,0
2021-01-05,2021-01-06,Brandenburg,5404,5404,0,0.21428347673751422,287,5097,20,224,0,0,0,0,0,0,0,0
2021-01-05,2021-01-06,Bremen,3195,3195,0,0.4690238725077142,982,1062,29,892,0,0,0,0,0,0,0,0
2021-01-05,2021-01-06,Hamburg,5901,5901,0,0.3194473090583694,1996,3495,44,2122,0,0,0,0,0,0,0,0
2021-01-05,2021-01-06,Hessen,41298,41298,0,0.6567664533530108,11393,23963,1657,15925,0,0,0,0,0,0,0,0
2021-01-05,2021-01-06,Mecklenburg-Vorpommern,18014,18014,0,1.120177497204842,456,10024,27,7828,0,0,0,0,0,0,0,0
2021-01-05,2021-01-06,Niedersachsen,15164,15164,0,0.189701571555673,3341,7376,3112,8940,0,0,0,0,0,0,0,0
2021-01-05,2021-01-06,Nordrhein-Westfalen,69225,69225,0,0.3857143119817826,,28846,,40387,0,0,0,0,0,0,0,0
2021-01-05,2021-01-06,Rheinland-Pfalz,12336,12336,0,0.30132614280309034,,7191,,5145,0,0,0,0,0,0,0,0
2021-01-05,2021-01-06,Saarland,5633,5633,0,0.5707846997680586,4279,672,,2156,0,0,0,0,0,0,0,0
2021-01-05,2021-01-06,Sachsen,10767,10767,0,0.26441740375852385,820,8945,1,1821,0,0,0,0,0,0,0,0
2021-01-05,2021-01-06,Sachsen-Anhalt,17123,17123,0,0.7801685998882805,5402,8196,738,8588,0,0,0,0,0,0,0,0
2021-01-05,2021-01-06,Schleswig-Holstein,17016,17016,0,0.5859962194014476,4092,8459,2932,6665,0,0,0,0,0,0,0,0
2021-01-05,2021-01-06,Thüringen,3711,3711,0,0.1739494829327011,468,2856,7,500,0,0,0,0,0,0,0,0
2021-01-06,2021-01-07,Baden-Württemberg,42899,42899,0,0.3864637597548339,22030,12661,2303,7340,0,0,0,0,0,0,0,0
2021-01-06,2021-01-07,Bayern,84349,84349,0,0.6426719255402984,19266,41737,1595,28908,0,0,0,0,0,0,0,0
2021-01-06,2021-01-07,Berlin,24159,24159,0,0.6583746901136969,15037,8402,105,15272,0,0,0,0,0,0,0,0
2021-01-06,2021-01-07,Brandenburg,8182,8182,0,0.32443882432759835,436,7724,21,433,0,0,0,0,0,0,0,0
2021-01-06,2021-01-07,Bremen,3825,3825,0,0.5615074530021932,1018,1397,31,1182,0,0,0,0,0,0,0,0
2021-01-06,2021-01-07,Hamburg,7079,7079,0,0.3832176751100147,2415,3561,86,2271,0,0,0,0,0,0,0,0
2021-01-06,2021-01-07,Hessen,44122,44122,0,0.7016768234500833,11916,25931,1853,16780,0,0,0,0,0,0,0,0
2021-01-06,2021-01-07,Mecklenburg-Vorpommern,21713,21713,0,1.3501950703235668,811,11746,46,9712,0,0,0,0,0,0,0,0
2021-01-06,2021-01-07,Niedersachsen,22608,22608,0,0.28282597795638714,5209,10900,4698,13321,0,0,0,0,0,0,0,0
2021-01-06,2021-01-07,Nordrhein-Westfalen,79578,79578,0,0.443400123060835,,33961,,45625,0,0,0,0,0,0,0,0
2021-01-06,2021-01-07,Rheinland-Pfalz,15984,15984,0,0.39043426285380967,,9796,,6188,0,0,0,0,0,0,0,0
2021-01-06,2021-01-07,Saarland,6511,6511,0,0.6597513190466587,4940,813,,2430,0,0,0,0,0,0,0,0
2021-01-06,2021-01-07,Sachsen,13006,13006,0,0.3194030605817183,858,11072,1,1933,0,0,0,0,0,0,0,0
2021-01-06,2021-01-07,Sachsen-Anhalt,17624,17624,0,0.8029954683426418,5569,8461,738,8818,0,0,0,0,0,0,0,0
2021-01-06,2021-01-07,Schleswig-Holstein,20078,20078,0,0.6914452334944914,4842,9282,3234,7768,0,0,0,0,0,0,0,0
2021-01-06,2021-01-07,Thüringen,5343,5343,0,0.2504478812474864,650,4096,21,583,0,0,0,0,0,0,0,0
2021-01-07,2021-01-08,Baden-Württemberg,49103,49103,0,0.4423536678067463,25827,14560,2433,8088,0,0,0,0,0,0,0,0
2021-01-07,2021-01-08,Bayern,88916,88916,0,0.6774688132798394,20212,44516,1609,30110,0,0,0,0,0,0,0,0
2021-01-07,2021-01-08,Berlin,26406,26406,0,0.7196093409140396,16673,9109,105,16773,0,0,0,0,0,0,0,0
2021-01-07,2021-01-08,Brandenburg,11481,11481,0,0.4552532561849373,1029,10391,53,558,0,0,0,0,0,0,0,0
2021-01-07,2021-01-08,Bremen,4505,4505,0,0.6613310002025831,1033,1764,34,1491,0,0,0,0,0,0,0,0
2021-01-07,2021-01-08,Hamburg,8471,8471,0,0.45857281054625443,2788,4313,108,2352,0,0,0,0,0,0,0,0
2021-01-07,2021-01-08,Hessen,46006,46006,0,0.7316382743222096,12286,27009,2101,17520,0,0,0,0,0,0,0,0
2021-01-07,2021-01-08,Mecklenburg-Vorpommern,24060,24060,0,1.4961402566197677,1260,12515,137,11130,0,0,0,0,0,0,0,0
2021-01-07,2021-01-08,Niedersachsen,32170,32170,0,0.402446554797283,7075,15989,6226,18332,0,0,0,0,0,0,0,0
2021-01-07,2021-01-08,Nordrhein-Westfalen,90802,90802,0,0.5059390531826626,0,39465,0,51345,0,0,0,0,0,0,0,0
2021-01-07,2021-01-08,Rheinland-Pfalz,20792,20792,0,0.507877201780306,2154,11833,0,6805,0,0,0,0,0,0,0,0
2021-01-07,2021-01-08,Saarland,7358,7358,0,0.745576747895149,5596,966,0,2663,0,0,0,0,0,0,0,0
2021-01-07,2021-01-08,Sachsen,15593,15593,0,0.3829349472282587,985,13343,1,2249,0,0,0,0,0,0,0,0
2021-01-07,2021-01-08,Sachsen-Anhalt,19399,19399,0,0.8838691040841414,6008,9554,783,9500,0,0,0,0,0,0,0,0
2021-01-07,2021-01-08,Schleswig-Holstein,23903,23903,0,0.8231704062266575,5606,10747,3655,9099,0,0,0,0,0,0,0,0
2021-01-07,2021-01-08,Thüringen,7994,7994,0,0.37471090449043726,782,6399,22,731,0,0,0,0,0,0,0,0
2021-01-08,2021-01-09,Baden-Württemberg,55320,55320,0,0.4983606888187933,29263,16514,2561,9100,0,0,0,0,0,0,0,0
2021-01-08,2021-01-09,Bayern,93966,93966,0,0.7159457747610486,20665,47801,1676,31568,0,0,0,0,0,0,0,0
2021-01-08,2021-01-09,Berlin,28871,28871,0,0.7867848701631915,18591,9676,105,18171,0,0,0,0,0,0,0,0
2021-01-08,2021-01-09,Brandenburg,13895,13895,0,0.5509750017149815,1608,12192,87,908,0,0,0,0,0,0,0,0
2021-01-08,2021-01-09,Bremen,5291,5291,0,0.7767152768195044,1054,2103,42,1924,0,0,0,0,0,0,0,0
2021-01-08,2021-01-09,Hamburg,9888,9888,0,0.5352813068919092,3172,5188,116,2579,0,0,0,0,0,0,0,0
2021-01-08,2021-01-09,Hessen,48653,48653,0,0.7737337947354359,12574,28861,2320,18148,0,0,0,0,0,0,0,0
2021-01-08,2021-01-09,Mecklenburg-Vorpommern,25141,25141,0,1.5633608558469487,1473,13122,194,11541,0,0,0,0,0,0,0,0
2021-01-08,2021-01-09,Niedersachsen,41646,41646,0,0.5209912720263491,9369,20483,7978,22615,0,0,0,0,0,0,0,0
2021-01-08,2021-01-09,Nordrhein-Westfalen,98950,98950,0,0.5513388395897059,0,43671,0,55287,0,0,0,0,0,0,0,0
2021-01-08,2021-01-09,Rheinland-Pfalz,25482,25482,0,0.6224378056832318,3777,14104,4,7597,0,0,0,0,0,0,0,0
2021-01-08,2021-01-09,Saarland,8232,8232,0,0.8341380522795416,6236,1104,0,2938,0,0,0,0,0,0,0,0
2021-01-08,2021-01-09,Sachsen,17991,17991,0,0.4418253469879819,1024,15283,1,2707,0,0,0,0,0,0,0,0
2021-01-08,2021-01-09,Sachsen-Anhalt,20799,20799,0,0.9476567604436342,6427,10228,987,10214,0,0,0,0,0,0,0,0
2021-01-08,2021-01-09,Schleswig-Holstein,28241,28241,0,0.9725622491840789,6486,12623,3947,10551,0,0,0,0,0,0,0,0
2021-01-08,2021-01-09,Thüringen,10512,10512,0,0.49273968326288176,903,8583,25,924,0,0,0,0,0,0,0,0
2021-01-10,2021-01-11,Baden-Württemberg,65488,65488,0,0.5899610410225078,35369,19392,2838,10274,0,0,0,0,0,0,0,0
2021-01-10,2021-01-11,Bayern,120136,120136,0,0.9153402464369382,27674,59598,2117,41058,0,0,0,0,0,0,0,0
2021-01-10,2021-01-11,Berlin,32014,32014,0,0.8724370764228608,21120,10308,105,19661,0,0,0,0,0,0,0,0
2021-01-10,2021-01-11,Brandenburg,14063,14063,0,0.5576366642042307,1682,12236,87,982,0,0,0,0,0,0,0,0
2021-01-10,2021-01-11,Bremen,6303,6303,0,0.9252762029471435,1070,2607,43,2426,0,0,0,0,0,0,0,0
2021-01-10,2021-01-11,Hamburg,12695,12695,0,0.6872366698010506,4312,6397,144,3361,0,0,0,0,0,0,0,0
2021-01-10,2021-01-11,Hessen,54361,54361,0,0.8645087212630882,14595,31645,2723,20567,0,0,0,0,0,0,0,0
2021-01-10,2021-01-11,Mecklenburg-Vorpommern,25141,25141,0,1.5633608558469487,1473,13122,194,11541,0,0,0,0,0,0,0,0
2021-01-10,2021-01-11,Niedersachsen,45342,45342,0,0.5672282153440599,9968,22613,8519,25233,0,0,0,0,0,0,0,0
2021-01-10,2021-01-11,Nordrhein-Westfalen,114762,114762,0,0.639441616058553,,52000,,62770,0,0,0,0,0,0,0,0
2021-01-10,2021-01-11,Rheinland-Pfalz,29994,29994,0,0.7326504804828058,3852,16859,5,9278,0,0,0,0,0,0,0,0
2021-01-10,2021-01-11,Saarland,9157,9157,0,0.927867121565083,6956,1229,,3253,0,0,0,0,0,0,0,0
2021-01-10,2021-01-11,Sachsen,19756,19756,0,0.485170449396619,1357,16051,1,3704,0,0,0,0,0,0,0,0
2021-01-10,2021-01-11,Sachsen-Anhalt,21914,21914,0,0.9984590724728013,6860,10787,1057,10698,0,0,0,0,0,0,0,0
2021-01-10,2021-01-11,Schleswig-Holstein,31431,31431,0,1.0824193213450226,7457,13050,4301,12323,0,0,0,0,0,0,0,0
2021-01-10,2021-01-11,Thüringen,10790,10790,0,0.5057706604267973,903,8861,25,924,0,0,0,0,0,0,0,0
2021-01-11,2021-01-12,Baden-Württemberg,73776,73776,0,0.6646250574529156,38372,20848,2909,11326,0,0,0,0,0,0,0,0
2021-01-11,2021-01-12,Bayern,135986,135986,0,1.0361045710858816,31681,68550,2310,44715,0,0,0,0,0,0,0,0
2021-01-11,2021-01-12,Berlin,33798,33798,0,0.9210541734534843,22634,10632,105,20422,0,0,0,0,0,0,0,0
2021-01-11,2021-01-12,Brandenburg,15091,15091,0,0.5983996941979696,2426,12430,118,1162,0,0,0,0,0,0,0,0
2021-01-11,2021-01-12,Bremen,6999,6999,0,1.027448539493425,1073,2993,44,2733,0,0,0,0,0,0,0,0
2021-01-11,2021-01-12,Hamburg,14273,14273,0,0.7726608104033394,4944,6649,692,3675,0,0,0,0,0,0,0,0
2021-01-11,2021-01-12,Hessen,57475,57475,0,0.9140309919721122,15315,33237,2915,22059,0,0,0,0,0,0,0,0
2021-01-11,2021-01-12,Mecklenburg-Vorpommern,26926,26926,0,1.6743587925911831,1596,13895,342,12311,0,0,0,0,0,0,0,0
2021-01-11,2021-01-12,Niedersachsen,54168,54168,0,0.6776414355069701,11768,27608,9632,29107,0,0,0,0,0,0,0,0
2021-01-11,2021-01-12,Nordrhein-Westfalen,124637,124637,0,0.6944640621520178,0,57067,0,67578,0,0,0,0,0,0,0,0
2021-01-11,2021-01-12,Rheinland-Pfalz,36466,36466,0,0.8907392285552443,7095,19277,9,10085,0,0,0,0,0,0,0,0
2021-01-11,2021-01-12,Saarland,10130,10130,0,1.0264599695811172,7656,1435,0,3535,0,0,0,0,0,0,0,0
2021-01-11,2021-01-12,Sachsen,23701,23701,0,0.5820522788595499,1805,19173,1,4527,0,0,0,0,0,0,0,0
2021-01-11,2021-01-12,Sachsen-Anhalt,24413,24413,0,1.1123200390744956,7572,11977,1075,11655,0,0,0,0,0,0,0,0
2021-01-11,2021-01-12,Schleswig-Holstein,38426,38426,0,1.3233128071650229,11324,15015,5175,16080,0,0,0,0,0,0,0,0
2021-01-11,2021-01-12,Thüringen,12517,12517,0,0.58672209050623,1074,9827,45,1249,0,0,0,0,0,0,0,0
2021-01-12,2021-01-13,Baden-Württemberg,76762,76762,0,0.6915250035269018,41457,22519,2980,12781,0,0,0,0,0,0,0,0
2021-01-12,2021-01-13,Bayern,150511,150511,0,1.146773455346191,35434,76344,2606,48443,0,0,0,0,0,0,0,0
2021-01-12,2021-01-13,Berlin,35893,35893,0,0.9781465603812626,24446,11010,105,21428,0,0,0,0,0,0,0,0
2021-01-12,2021-01-13,Brandenburg,19590,19590,0,0.7767974295499452,3920,15352,193,2009,0,0,0,0,0,0,0,0
2021-01-12,2021-01-13,Bremen,7753,7753,0,1.1381352374185632,1104,3346,60,3115,0,0,0,0,0,0,0,0
2021-01-12,2021-01-13,Hamburg,15980,15980,0,0.8650682932982109,5578,6866,1503,3891,0,0,0,0,0,0,0,0
2021-01-12,2021-01-13,Hessen,60344,60344,0,0.9596570018193151,15955,34864,3172,23182,0,0,0,0,0,0,0,0
2021-01-12,2021-01-13,Mecklenburg-Vorpommern,29100,29100,0,1.8095461956623127,2076,14928,376,13031,0,0,0,0,0,0,0,0
2021-01-12,2021-01-13,Niedersachsen,63200,63200,0,0.7906317147400773,13316,32710,10409,33078,0,0,0,0,0,0,0,0
2021-01-12,2021-01-13,Nordrhein-Westfalen,129472,129472,0,0.7214041661380334,0,59599,0,69881,0,0,0,0,0,0,0,0
2021-01-12,2021-01-13,Rheinland-Pfalz,45326,45326,0,1.1071586210029891,10246,22730,9,12341,0,0,0,0,0,0,0,0
2021-01-12,2021-01-13,Saarland,11199,11199,0,1.1347803750581373,8358,1791,0,3790,0,0,0,0,0,0,0,0
2021-01-12,2021-01-13,Sachsen,29421,29421,0,0.7225247920478804,2210,23650,1,5770,0,0,0,0,0,0,0,0
2021-01-12,2021-01-13,Sachsen-Anhalt,27320,27320,0,1.2447705512438136,8533,13373,1178,12736,0,0,0,0,0,0,0,0
2021-01-12,2021-01-13,Schleswig-Holstein,43162,43162,0,1.4864109556773204,13202,17149,5452,18056,0,0,0,0,0,0,0,0
2021-01-12,2021-01-13,Thüringen,13060,13060,0,0.6121746825925831,1149,9798,81,1491,0,0,0,0,0,0,0,0
2021-01-13,2021-01-14,Baden-Württemberg,82300,82300,0,0.741415124544228,44631,24154,3032,13719,0,0,0,0,0,0,0,0
2021-01-13,2021-01-14,Bayern,167915,167915,0,1.2793780172509361,40128,84910,2880,53456,0,0,0,0,0,0,0,0
2021-01-13,2021-01-14,Berlin,38408,38408,0,1.0466846764306004,26527,11540,105,22520,0,0,0,0,0,0,0,0
2021-01-13,2021-01-14,Brandenburg,27102,27102,0,1.0746689094263713,5612,21079,212,2545,0,0,0,0,0,0,0,0
2021-01-13,2021-01-14,Bremen,8890,8890,0,1.3050460803109796,1181,4066,88,3420,0,0,0,0,0,0,0,0
2021-01-13,2021-01-14,Hamburg,18150,18150,0,0.9825400202354524,6274,8161,1729,4195,0,0,0,0,0,0,0,0
2021-01-13,2021-01-14,Hessen,62171,62171,0,0.9887119756746097,16135,35893,3338,24013,0,0,0,0,0,0,0,0
2021-01-13,2021-01-14,Mecklenburg-Vorpommern,32998,32998,0,2.0519383286757726,2516,16644,552,14696,0,0,0,0,0,0,0,0
2021-01-13,2021-01-14,Niedersachsen,70444,70444,0,0.8812541220435127,14524,36884,11194,36307,0,0,0,0,0,0,0,0
2021-01-13,2021-01-14,Nordrhein-Westfalen,142066,142066,0,0.7915765900470051,,66156,,75918,0,0,0,0,0,0,0,0
2021-01-13,2021-01-14,Rheinland-Pfalz,54189,54189,0,1.323651293154723,14321,25773,10,14084,0,0,0,0,0,0,0,0
2021-01-13,2021-01-14,Saarland,12243,12243,0,1.2405675624463592,9064,2024,,4124,0,0,0,0,0,0,0,0
2021-01-13,2021-01-14,Sachsen,34588,34588,0,0.8494166584192273,2528,27920,1,6667,0,0,0,0,0,0,0,0
2021-01-13,2021-01-14,Sachsen-Anhalt,29448,29448,0,1.3417277889102426,9342,14226,1274,13632,0,0,0,0,0,0,0,0
2021-01-13,2021-01-14,Schleswig-Holstein,47498,47498,0,1.635733922727431,14059,18157,5452,18099,0,0,0,0,0,0,0,0
2021-01-13,2021-01-14,Thüringen,14045,14045,0,0.6583455908891908,1150,10998,82,1491,0,0,0,0,0,0,0,0
2021-01-14,2021-01-15,Baden-Württemberg,92868,92868,0,0.8366189524443906,49161,26901,3175,17614,0,0,0,0,0,0,0,0
2021-01-14,2021-01-15,Bayern,183573,183573,0,1.3986794554435644,44096,93673,3143,57247,0,0,0,0,0,0,0,0
2021-01-14,2021-01-15,Berlin,45998,45998,0,1.2535253526987804,28323,17386,105,23282,0,0,0,0,0,0,0,0
2021-01-14,2021-01-15,Brandenburg,33263,33263,0,1.318969520118419,7410,25370,268,3545,0,0,0,0,0,0,0,0
2021-01-14,2021-01-15,Bremen,10134,10134,0,1.4876644519540458,1197,4786,89,3927,0,0,0,0,0,0,0,0
2021-01-14,2021-01-15,Hamburg,19422,19422,0,1.0513990233064987,6851,8250,2263,4486,0,0,0,0,0,0,0,0
2021-01-14,2021-01-15,Hessen,65673,65673,0,1.0444046513403138,17201,37398,3700,25588,0,0,0,0,0,0,0,0
2021-01-14,2021-01-15,Mecklenburg-Vorpommern,35355,35355,0,2.198505352152614,2976,17272,591,15315,0,0,0,0,0,0,0,0
2021-01-14,2021-01-15,Niedersachsen,78050,78050,0,0.9764051477130227,15628,40754,11732,35319,0,0,0,0,0,0,0,0
2021-01-14,2021-01-15,Nordrhein-Westfalen,176801,176801,0,0.985116302964119,0,84253,0,92556,0,0,0,0,0,0,0,0
2021-01-14,2021-01-15,Rheinland-Pfalz,64219,64219,0,1.5686497701582085,17781,30548,16,15874,0,0,0,0,0,0,0,0
2021-01-14,2021-01-15,Saarland,13301,13301,0,1.347773351964308,9796,2256,0,4461,0,0,0,0,0,0,0,0
2021-01-14,2021-01-15,Sachsen,39332,39332,0,0.9659204350915072,3005,31443,1,7888,0,0,0,0,0,0,0,0
2021-01-14,2021-01-15,Sachsen-Anhalt,31723,31723,0,1.4453827304944182,10103,15590,1311,14302,0,0,0,0,0,0,0,0
2021-01-14,2021-01-15,Schleswig-Holstein,52740,52740,0,1.8162576757893951,14965,19722,5453,18214,0,0,0,0,0,0,0,0
2021-01-14,2021-01-15,Thüringen,19230,19230,0,0.9013873772017899,3428,13211,248,2150,0,0,0,0,0,0,0,0
2021-01-15,2021-01-16,Baden-Württemberg,100163,100163,0,0.9023373404583659,52522,29956,3348,19421,0,0,0,0,0,0,0,0
2021-01-15,2021-01-16,Bayern,198607,198607,0,1.5132265126531679,47873,102769,3487,60466,0,0,0,0,0,0,0,0
2021-01-15,2021-01-16,Berlin,48544,48544,0,1.322908272564233,30563,17738,105,24288,0,0,0,0,0,0,0,0
2021-01-15,2021-01-16,Brandenburg,37993,37993,0,1.5065270413931122,9067,28119,343,4502,0,0,0,0,0,0,0,0
2021-01-15,2021-01-16,Bremen,11033,11033,0,1.6196370533263262,1246,5427,89,4135,0,0,0,0,0,0,0,0
2021-01-15,2021-01-16,Hamburg,21951,21951,0,1.1883050129029429,7822,9606,2270,5348,0,0,0,0,0,0,0,0
2021-01-15,2021-01-16,Hessen,69925,69925,0,1.112024656174858,18056,39725,3952,27404,0,0,0,0,0,0,0,0
2021-01-15,2021-01-16,Mecklenburg-Vorpommern,37570,37570,0,2.336242287664367,3454,18238,706,15991,0,0,0,0,0,0,0,0
2021-01-15,2021-01-16,Niedersachsen,86035,86035,0,1.0762974616718757,16901,45644,13058,38497,0,0,0,0,0,0,0,0
2021-01-15,2021-01-16,Nordrhein-Westfalen,193857,193857,0,1.080150514667424,0,94237,0,99628,0,0,0,0,0,0,0,0
2021-01-15,2021-01-16,Rheinland-Pfalz,73749,73749,0,1.8014349631635143,22896,33721,20,17121,0,0,0,0,0,0,0,0
2021-01-15,2021-01-16,Saarland,14421,14421,0,1.4612615223424767,10634,2421,0,4899,0,0,0,0,0,0,0,0
2021-01-15,2021-01-16,Sachsen,43451,43451,0,1.0670753794661112,3555,34444,1,9006,0,0,0,0,0,0,0,0
2021-01-15,2021-01-16,Sachsen-Anhalt,33182,33182,0,1.5118585809433465,10605,16378,1352,14678,0,0,0,0,0,0,0,0
2021-01-15,2021-01-16,Schleswig-Holstein,55670,55670,0,1.9171608799999174,15838,21709,5456,18262,0,0,0,0,0,0,0,0
2021-01-15,2021-01-16,Thüringen,22009,22009,0,1.0316502748223708,4383,14578,413,2582,0,0,0,0,0,0,0,0
2021-01-17,2021-01-18,Baden-Württemberg,114954,114954,0,1.035584863023781,58770,35662,3663,23375,0,0,0,0,0,0,0,0
2021-01-17,2021-01-18,Bayern,213837,213837,0,1.6292669331202598,52396,110513,3924,64585,0,0,0,0,0,0,0,0
2021-01-17,2021-01-18,Berlin,52622,52162,460,1.4340408519873737,34017,18345,105,25336,1933,1933,0,0.0526776056951768,1655,280,0,1655
2021-01-17,2021-01-18,Brandenburg,38474,38474,0,1.5256000155438791,9387,28252,368,4790,0,0,0,0,0,0,0,0
2021-01-17,2021-01-18,Bremen,11845,11845,0,1.7388381126303212,1313,5751,100,4533,0,0,0,0,0,0,0,0
2021-01-17,2021-01-18,Hamburg,24468,24468,0,1.3245613892628676,9187,10969,1812,6369,425,425,0,0.0230071354600588,189,211,0,214
2021-01-17,2021-01-18,Hessen,72816,72816,0,1.1580005343443467,18718,41377,4096,28459,1736,1736,0,0.027607791249475197,733,688,34,1078
2021-01-17,2021-01-18,Mecklenburg-Vorpommern,37564,37444,120,2.335869185355983,3452,18238,706,15987,0,0,0,0,0,0,0,0
2021-01-17,2021-01-18,Niedersachsen,90005,88766,1239,1.1259621437528586,17857,45075,16913,40119,335,335,0,0.004190848487941865,40,91,139,242
2021-01-17,2021-01-18,Nordrhein-Westfalen,211779,211779,0,1.180009985947128,,104080,,108365,968,968,0,0.005393592690478375,0,354,0,676
2021-01-17,2021-01-18,Rheinland-Pfalz,82810,81905,905,2.0227640957785273,24876,37867,19,20048,350,350,0,0.008549298798725813,0,158,0,192
2021-01-17,2021-01-18,Saarland,15711,15711,0,1.5919755757244751,11626,2551,0,5560,0,0,0,0,0,0,0,0
2021-01-17,2021-01-18,Sachsen,50002,50002,0,1.2279557000774317,4303,38835,1,11166,155,155,0,0.0038065104098236454,41,50,0,105
2021-01-17,2021-01-18,Sachsen-Anhalt,33148,33148,0,1.5103094521460445,10575,16277,1372,14609,679,679,0,0.030937013334353933,281,280,194,359
2021-01-17,2021-01-18,Schleswig-Holstein,65849,65849,0,2.2677048102589286,17562,22557,5458,18323,0,0,0,0,0,0,0,0
2021-01-17,2021-01-18,Thüringen,23413,23413,0,1.0974613969020024,5024,15020,475,2892,0,0,0,0,0,0,0,0
2021-01-18,2021-01-19,Baden-Württemberg,122057,121737,320,1.099573582703461,62507,37050,3887,24404,4457,4457,0,0.040151727947674645,0,0,0,0
2021-01-18,2021-01-19,Bayern,220318,213624,6694,1.6786469702211937,53985,114451,4018,65949,419,419,0,0.00319244492289636,0,419,0,0
2021-01-18,2021-01-19,Berlin,55134,54499,635,1.5024972128287002,36186,18717,105,25739,4138,4138,0,0.11276768358336348,3140,1060,0,3055
2021-01-18,2021-01-19,Brandenburg,41094,41094,0,1.6294902281738362,11184,29008,411,5561,0,0,0,0,0,0,0,0
2021-01-18,2021-01-19,Bremen,12866,12433,433,1.8887202327650243,1457,6384,101,4866,390,390,0,0.05725174030610597,27,138,5,157
2021-01-18,2021-01-19,Hamburg,26517,26362,155,1.4354828493985394,10001,11954,1817,7085,598,598,0,0.03237239295321215,289,262,0,336
2021-01-18,2021-01-19,Hessen,74071,74071,0,1.177958931820206,18945,42128,4244,28916,3000,3000,0,0.047709316675360366,966,1418,61,1527
2021-01-18,2021-01-19,Mecklenburg-Vorpommern,39116,38745,371,2.432378315791307,3783,18632,730,16540,1157,1157,0,0.07194656180004452,239,354,13,553
2021-01-18,2021-01-19,Niedersachsen,94116,92738,1378,1.1773907351974229,18614,50171,14743,42040,837,837,0,0.010470866222111467,78,346,142,488
2021-01-18,2021-01-19,Nordrhein-Westfalen,218699,218699,0,1.218567487412118,0,107592,0,111115,4593,4593,0,0.025591705813395847,0,2057,0,2536
2021-01-18,2021-01-19,Rheinland-Pfalz,91423,89129,2294,2.2331501259311715,30312,40099,25,20986,1196,1196,0,0.02921417532364592,0,640,0,556
2021-01-18,2021-01-19,Saarland,16957,16957,0,1.718231165270188,12177,3128,0,5808,0,0,0,0,0,0,0,0
2021-01-18,2021-01-19,Sachsen,53663,53663,0,1.3178630201442987,4539,41461,1,12201,368,368,0,0.009037392456871624,59,207,0,161
2021-01-18,2021-01-19,Sachsen-Anhalt,34411,34411,0,1.567855030704644,11204,16733,1437,15002,2927,2927,0,0.133361764403025,1094,1323,209,1422
2021-01-18,2021-01-19,Schleswig-Holstein,69126,69076,50,2.380557984387898,18538,23248,5460,18361,640,640,0,0.02204029033949968,0,0,0,0
2021-01-18,2021-01-19,Thüringen,25975,25975,0,1.2175526324917574,6144,16038,708,3262,21,21,0,0.0009843543900799577,0,21,0,0
2021-01-19,2021-01-20,Baden-Württemberg,128128,127808,320,1.1542653350863041,65325,39054,3994,25164,7779,7779,0,0.07007859360667738,2019,3531,184,1680
2021-01-19,2021-01-20,Bayern,226316,219041,7275,1.7243469335804598,55636,118033,4116,66990,1659,1659,0,0.012640253286599191,0,1659,0,0
2021-01-19,2021-01-20,Berlin,57184,56384,800,1.5583632716363114,38195,18799,108,26239,6583,6583,0,0.17939817811244121,4837,1247,28,4911
2021-01-19,2021-01-20,Brandenburg,45071,45071,0,1.787189226505645,13698,31362,496,6931,1123,1123,0,0.04453004152039757,0,0,0,0
2021-01-19,2021-01-20,Bremen,12799,11626,1173,1.8788846773791033,1502,6026,103,5085,714,714,0,0.10481472456040938,35,227,5,305
2021-01-19,2021-01-20,Hamburg,28602,28392,210,1.548353149243769,10602,13276,1822,7534,1026,1026,0,0.055541931722400774,494,442,0,584
2021-01-19,2021-01-20,Hessen,76907,76907,0,1.22306013918398,20172,43333,4328,29791,6413,6413,0,0.10198661594636199,1905,3281,254,2769
2021-01-19,2021-01-20,Mecklenburg-Vorpommern,41827,41339,488,2.600958375462802,4601,19680,836,17326,379,379,0,0.023567629146254862,0,84,0,295
2021-01-19,2021-01-20,Niedersachsen,101251,99700,1551,1.2666495529928414,20080,54128,16323,45373,1555,1555,0,0.019453042981342095,82,784,147,768
2021-01-19,2021-01-20,Nordrhein-Westfalen,223549,223549,0,1.2455911697972628,0,110524,0,113033,5383,5383,0,0.02999350150087303,0,2521,0,2862
2021-01-19,2021-01-20,Rheinland-Pfalz,99282,96285,2997,2.42511852381456,33946,42844,41,22451,1926,1926,0,0.047045569960988326,0,640,1,961
2021-01-19,2021-01-20,Saarland,17759,17759,0,1.7994968015588408,12754,3280,0,6049,0,0,0,0,0,0,0,0
2021-01-19,2021-01-20,Sachsen,58576,58576,0,1.43851712106987,5283,44705,1,13870,1139,1139,0,0.027971711979284726,59,978,0,161
2021-01-19,2021-01-20,Sachsen-Anhalt,35940,35640,300,1.637520263971547,11792,17506,1477,15423,5632,5632,0,0.25660862901190185,1773,3027,296,2304
2021-01-19,2021-01-20,Schleswig-Holstein,72506,72406,100,2.4969582677433806,19504,23853,5461,18392,1068,1068,0,0.03677973450404009,0,0,0,0
2021-01-19,2021-01-20,Thüringen,29063,29063,0,1.362299601852086,6144,16956,708,3262,291,291,0,0.013640339405393699,0,23,0,0
2021-01-20,2021-01-21,Baden-Württemberg,135209,134720,489,1.2180558636026793,68463,41931,4083,26213,11591,11591,0,0.10441971699382924,3673,4832,303,2525
2021-01-20,2021-01-21,Bayern,232464,224914,7550,1.7711897769837215,57100,121571,4200,68388,4077,4077,0,0.03106347959581971,0,4077,0,0
2021-01-20,2021-01-21,Berlin,59567,58623,944,1.623304158533159,40253,18975,108,26718,9372,9372,0,0.2554032698267962,6538,1456,28,6915
2021-01-20,2021-01-21,Brandenburg,49548,49548,0,1.9647146012935521,16170,32160,553,8143,1123,1123,0,0.04453004152039757,0,1123,0,0
2021-01-20,2021-01-21,Bremen,13224,12049,1175,1.941274394379347,1562,6198,104,5215,1239,1239,0,0.18188437497247512,111,434,6,502
2021-01-20,2021-01-21,Hamburg,30549,30339,210,1.6537528968690267,11220,14497,1824,7963,1661,1661,0,0.08991729882154746,653,880,0,781
2021-01-20,2021-01-21,Hessen,82019,82019,0,1.304356814798794,22690,45336,4380,30734,12350,12350,0,0.19640335364690015,2801,7082,357,4868
2021-01-20,2021-01-21,Mecklenburg-Vorpommern,44449,43846,603,2.7640040842266025,5443,20683,889,18071,3017,3017,0,0.18760827739907893,374,1190,17,1476
2021-01-20,2021-01-21,Niedersachsen,109438,107588,1850,1.369068886039946,21777,58773,17599,48475,2834,2834,0,0.03545332720843954,254,1461,315,1369
2021-01-20,2021-01-21,Nordrhein-Westfalen,235919,235919,0,1.3145154896125701,0,116986,0,118941,16053,16053,0,0.0894456027481915,0,8049,0,8004
2021-01-20,2021-01-21,Rheinland-Pfalz,104589,101482,3107,2.55475032017124,37831,43963,51,22744,2362,2362,0,0.05769555360740106,0,1195,1,1167
2021-01-20,2021-01-21,Saarland,18612,18612,0,1.885930202748643,13307,3501,0,6274,0,0,0,0,0,0,0,0
2021-01-20,2021-01-21,Sachsen,62126,62126,0,1.5256984885206697,5703,47093,1,15032,2551,2551,0,0.06264779390619432,59,2390,0,161
2021-01-20,2021-01-21,Sachsen-Anhalt,38749,38449,300,1.7655056401957006,12602,18915,1750,16074,7747,7747,0,0.3529735527264211,2450,4137,400,3144
2021-01-20,2021-01-21,Schleswig-Holstein,75268,75168,100,2.592075895739784,20470,24246,5463,18434,1166,1166,0,0.04015465396227597,0,0,0,0
2021-01-20,2021-01-21,Thüringen,32361,32361,0,1.5168901151132148,8915,18673,1056,4065,459,459,0,0.02151517452603336,17,222,1,6
2021-01-21,2021-01-22,Baden-Württemberg,142511,141931,580,1.2838373124413422,72279,44447,4159,27997,15549,15549,0,0.1400761090101847,5758,6263,412,3188
2021-01-21,2021-01-22,Bayern,238298,230259,8039,1.8156401914948848,58457,124952,4305,69814,16704,16704,0,0.12727112169942909,3075,10370,152,5087
2021-01-21,2021-01-22,Berlin,63677,62578,1099,1.7353087935084184,42928,20346,108,27854,12494,12494,0,0.34048318963038743,8310,2772,28,8049
2021-01-21,2021-01-22,Brandenburg,54450,54450,0,2.1590923960691435,19012,34114,645,9440,1123,1123,0,0.04453004152039757,0,1123,0,0
2021-01-21,2021-01-22,Bremen,13837,12579,1258,2.0312623861938164,1723,6473,107,5411,1762,1762,0,0.2586604267163044,214,560,6,798
2021-01-21,2021-01-22,Hamburg,32435,32225,210,1.7558504438753109,12026,15427,1827,8599,2166,2166,0,0.11725518919173496,653,1385,0,781
2021-01-21,2021-01-22,Hessen,84556,84556,0,1.3447029936005903,23878,46419,4449,31235,15554,15554,0,0.24735690385618506,3709,7217,2014,6291
2021-01-21,2021-01-22,Mecklenburg-Vorpommern,47197,46520,677,2.9348849414664664,6577,21490,959,18851,3572,3572,0,0.22212024092459728,382,1403,21,1806
2021-01-21,2021-01-22,Niedersachsen,118133,116244,1889,1.4778432967941384,50457,21654,24117,63373,3582,3582,0,0.04481080383226198,1612,709,589,1812
2021-01-21,2021-01-22,Nordrhein-Westfalen,243878,243878,0,1.3588621881905838,0,121339,0,122634,21877,21877,0,0.12189630918346633,0,11031,0,10846
2021-01-21,2021-01-22,Rheinland-Pfalz,112411,108801,3610,2.7458149350387635,41365,46600,54,24392,3228,3228,0,0.07884896149224836,0,1587,0,1641
2021-01-21,2021-01-22,Saarland,16773,16593,180,1.6995866801366315,11756,3518,1,5385,2684,2684,0,0.2719662940133977,2044,255,0,1049
2021-01-21,2021-01-22,Sachsen,64728,64728,0,1.5895987471423543,5995,48854,1,15873,3343,3343,0,0.08209783419380934,120,2983,0,360
2021-01-21,2021-01-22,Sachsen-Anhalt,40226,39926,300,1.8328016176549653,13089,19508,1806,16519,9008,9008,0,0.41042800606164986,3064,4658,486,3884
2021-01-21,2021-01-22,Schleswig-Holstein,78356,78108,248,2.6984202966278703,21455,24722,5463,18458,1327,1327,0,0.04569916450080636,0,0,0,0
2021-01-21,2021-01-22,Thüringen,34998,34998,0,1.6404969020961124,10160,20239,1138,4293,1202,1202,0,0.056342570327433776,80,868,3,95
2021-01-22,2021-01-23,Baden-Württemberg,154818,153922,896,1.3947072509318137,78992,48636,4659,30365,18954,18954,0,0.17075069587620043,7627,7387,448,3839
2021-01-22,2021-01-23,Bayern,244058,235653,8405,1.8595267851843431,60054,129305,4484,71126,46811,46811,0,0.3566623849300752,6235,16185,288,9500
2021-01-22,2021-01-23,Berlin,67960,66696,1264,1.8520279788123202,45776,21650,108,30979,15729,15729,0,0.4286425556023983,9977,4051,28,11174
2021-01-22,2021-01-23,Brandenburg,58422,58422,0,2.316593130636391,21558,35392,734,10428,1123,1123,0,0.04453004152039757,0,1123,0,0
2021-01-22,2021-01-23,Bremen,14664,13406,1258,2.1526654355095842,1994,6697,116,5752,1771,1771,0,0.2599816207233684,214,568,7,798
2021-01-22,2021-01-23,Hamburg,34132,33822,310,1.8477165824064163,12625,16438,1829,9027,2846,2846,0,0.15406660592782906,960,1710,0,1136
2021-01-22,2021-01-23,Hessen,89249,89249,0,1.4193362679864125,26457,48209,4559,32033,18055,18055,0,0.28713057085787713,4333,8749,2173,7195
2021-01-22,2021-01-23,Mecklenburg-Vorpommern,49922,48961,961,3.104335573190858,7671,22469,1016,19490,3626,3626,0,0.22547816170005308,382,1403,21,1806
2021-01-22,2021-01-23,Niedersachsen,127121,125217,1904,1.5902831362258445,53751,24741,24714,67709,4059,4059,0,0.050778071679271744,1986,806,669,2175
2021-01-22,2021-01-23,Nordrhein-Westfalen,267193,267193,0,1.4887708799039139,0,133602,0,133599,26122,26122,0,0.1455489961370621,0,13378,0,13612
2021-01-22,2021-01-23,Rheinland-Pfalz,117050,114744,3665,2.8591297839738754,44934,46769,54,25293,4080,4080,0,0.09966039742514661,0,2023,0,2057
2021-01-22,2021-01-23,Saarland,17112,16832,280,1.733937117420738,11904,3666,1,5506,3241,3241,0,0.32840639303182634,2463,336,0,1227
2021-01-22,2021-01-23,Sachsen,67357,67258,99,1.6541620753192987,5995,48854,1,16873,3795,3795,0,0.09319810971148862,120,2983,0,596
2021-01-22,2021-01-23,Sachsen-Anhalt,41742,41442,300,1.9018745369699588,13584,20411,1886,16728,10117,10117,0,0.4609569424207051,3418,5204,604,4448
2021-01-22,2021-01-23,Schleswig-Holstein,81267,80958,309,2.7986691797189382,22430,25145,5464,18486,1525,1525,0,0.05251787932458908,0,0,0,0
2021-01-22,2021-01-23,Thüringen,37286,37286,0,1.7477446565962524,11413,21057,1299,4569,1570,1570,0,0.07359220916312065,80,1236,3,95
2021-01-24,2021-01-25,Baden-Württemberg,171338,170362,976,1.5435307971951266,87257,55147,5439,32956,26150,26150,0,0.23557722365530448,11475,9770,550,5429
2021-01-24,2021-01-25,Bayern,254916,246384,8532,1.9422560619690894,63298,135224,4812,73565,67418,67418,0,0.5136712453742882,12216,25766,522,17204
2021-01-24,2021-01-25,Berlin,74605,73012,1593,2.0331157645569915,51867,22197,108,31435,18158,18158,0,0.4948370223554166,11860,4419,28,13235
2021-01-24,2021-01-25,Brandenburg,58422,58422,0,2.316593130636391,21558,35392,734,10428,1123,1123,0,0.04453004152039757,0,1123,0,0
2021-01-24,2021-01-25,Bremen,15583,14692,1258,2.2875740235642295,2640,7061,122,6093,1864,1864,0,0.27363395879636293,219,623,9,832
2021-01-24,2021-01-25,Hamburg,36186,35876,310,1.9589087147239712,13629,17361,1832,9534,3746,3746,0,0.20278759866677712,1411,2026,0,1720
2021-01-24,2021-01-25,Hessen,97061,97061,0,1.5435713286090507,32401,49656,4572,32741,26445,26445,0,0.42055762649330164,6195,13615,2385,9976
2021-01-24,2021-01-25,Mecklenburg-Vorpommern,49946,48985,961,3.105827982424394,7671,22486,1016,19497,3742,3742,0,0.23269147299547674,388,1458,21,1915
2021-01-24,2021-01-25,Niedersachsen,130395,128491,1904,1.6312408614482972,25220,71622,20961,56636,5419,5419,0,0.06779166554076707,2185,1476,873,2864
2021-01-24,2021-01-25,Nordrhein-Westfalen,290708,290708,0,1.619793950272301,0,145200,0,145536,47123,47123,0,0.26256432681137654,0,23830,0,24161
2021-01-24,2021-01-25,Rheinland-Pfalz,121505,119199,3739,2.9679501443976566,45138,47992,61,26621,4188,4188,0,0.10229846676875344,2,2127,2,2057
2021-01-24,2021-01-25,Saarland,17296,17016,280,1.7525816025542946,11987,3764,1,5511,4043,4043,0,0.40967202932047947,3061,475,0,1502
2021-01-24,2021-01-25,Sachsen,71283,71094,189,1.7505773002803802,7213,52147,152,18984,4599,4599,0,0.11294284757921899,310,3798,0,801
2021-01-24,2021-01-25,Sachsen-Anhalt,42149,41849,300,1.920418519925897,13671,20688,1891,16838,11482,11482,0,0.5231499073712105,3914,5959,751,4936
2021-01-24,2021-01-25,Schleswig-Holstein,83881,83572,309,2.888689990574332,24371,25804,5465,18523,1531,1531,0,0.052724507046521894,1,5,0,0
2021-01-24,2021-01-25,Thüringen,39081,39081,0,1.8318835199388013,12315,21638,1355,4836,1732,1732,0,0.08118580017230889,128,1347,3,144
2021-01-25,2021-01-26,Baden-Württemberg,180411,178720,1691,1.6252666346798141,91942,58283,6166,34977,30451,30451,0,0.2743235960813643,13863,11393,606,6076
2021-01-25,2021-01-26,Bayern,290683,273601,17082,2.214771998859863,96764,161132,5219,76200,93628,93628,0,0.7133704850619103,31328,51585,1043,30406
2021-01-25,2021-01-26,Berlin,78060,76302,1758,2.1272705124498192,55186,22535,108,31943,19795,19795,0,0.5394481141934945,12981,5070,28,14204
2021-01-25,2021-01-26,Brandenburg,61879,61879,0,2.453672697453857,23217,36608,747,12087,1145,1145,0,0.045402402084465915,21,1124,0,21
2021-01-25,2021-01-26,Bremen,16475,15217,1258,2.418519029597682,2999,7181,129,6132,2122,2122,0,0.31150818699886373,234,693,10,880
2021-01-25,2021-01-26,Hamburg,36210,35900,310,1.96020794119701,14356,18039,1833,10059,4387,4387,0,0.23748777238418342,1498,2562,0,1824
2021-01-25,2021-01-26,Hessen,104288,104288,0,1.6585030724799938,37101,51430,4669,33296,29645,29645,0,0.47144756428035267,7004,15427,2617,11496
2021-01-25,2021-01-26,Mecklenburg-Vorpommern,51199,50137,1062,3.1837441811585823,8183,23037,1025,19671,5809,5809,0,0.3612252182337585,602,2629,26,2613
2021-01-25,2021-01-26,Niedersachsen,135010,133106,1904,1.688974490618004,25959,74095,21084,58397,8871,8871,0,0.11097616995979788,3009,2952,1698,4747
2021-01-25,2021-01-26,Nordrhein-Westfalen,292154,292154,0,1.627850907948367,0,146032,0,146150,53982,53982,0,0.30078194278657405,0,27423,0,27427
2021-01-25,2021-01-26,Rheinland-Pfalz,129595,125812,3783,3.1655610794882048,48321,50739,68,28791,4556,4556,0,0.11128744379141373,3,2494,2,2057
2021-01-25,2021-01-26,Saarland,18072,17682,390,1.8312126920305971,12382,4233,1,5533,4666,4666,0,0.4727998240933359,3561,534,0,1693
2021-01-25,2021-01-26,Sachsen,73723,73534,189,1.8104991415705072,7525,53731,152,19840,6363,6363,0,0.15626339185617974,493,4911,0,1452
2021-01-25,2021-01-26,Sachsen-Anhalt,43795,43220,575,1.9954145787599864,14158,22031,1920,16955,13007,13007,0,0.5926328901913721,4273,6708,810,5696
2021-01-25,2021-01-26,Schleswig-Holstein,85536,85227,309,2.945684803874132,25048,26191,5787,19792,2795,2795,0,0.09625408046703375,927,267,147,174
2021-01-25,2021-01-26,Thüringen,41335,41335,0,1.9375375578073835,13549,22241,1602,5192,2042,2042,0,0.09571674593063208,179,1606,3,144
2021-01-26,2021-01-27,Baden-Württemberg,189426,186964,2462,1.7064799681885165,96829,62226,6044,37012,38712,38712,0,0.3487443779022618,17257,13195,673,7039
2021-01-26,2021-01-27,Bayern,278653,269556,9097,2.1231130193313588,100537,143919,5612,78081,86350,86350,0,0.6579179453272092,32478,54743,1086,31692
2021-01-26,2021-01-27,Berlin,81198,79264,1934,2.21278646002947,58189,22786,108,32102,22441,22441,0,0.6115562076593184,14859,5685,28,15872
2021-01-26,2021-01-27,Brandenburg,65723,65723,0,2.6060978796483436,25325,37633,810,13303,2755,2755,0,0.10924333427310357,21,2734,0,21
2021-01-26,2021-01-27,Bremen,17072,15814,1258,2.506158232066259,3336,7319,129,6253,2753,2753,0,0.4041385668274609,333,957,11,1086
2021-01-26,2021-01-27,Hamburg,39140,38830,310,2.1188218397804737,15018,18763,1837,10313,5091,5091,0,0.2755984155933161,1769,2936,34,1946
2021-01-26,2021-01-27,Hessen,108901,108901,0,1.7318640984211395,40228,52475,4731,33975,32577,32577,0,0.5180754697777382,7783,17194,2806,12533
2021-01-26,2021-01-27,Mecklenburg-Vorpommern,52331,51001,1330,3.2541361500070267,8722,23520,1093,19778,9881,9881,0,0.6144373181903543,762,5649,84,3520
2021-01-26,2021-01-27,Niedersachsen,137227,135323,1904,1.7167091506113386,26246,75419,21169,59197,15507,15507,0,0.193992500007506,3278,7413,3038,7830
2021-01-26,2021-01-27,Nordrhein-Westfalen,295738,295738,0,1.6478205734469977,0,147967,0,147799,61632,61632,0,0.343406926342524,0,31390,0,31110
2021-01-26,2021-01-27,Rheinland-Pfalz,134587,130782,3805,3.2874985069260316,51774,51852,77,29224,5039,5039,0,0.12308547613365535,5,2927,7,2100
2021-01-26,2021-01-27,Saarland,18835,18347,488,1.9085265081007248,12775,4698,1,5538,5420,5420,0,0.5492016816514961,4147,611,0,1995
2021-01-26,2021-01-27,Sachsen,77181,76992,189,1.895421160907089,7892,56037,152,20992,9006,9006,0,0.22117053387659194,701,6989,0,2017
2021-01-26,2021-01-27,Sachsen-Anhalt,45020,44445,575,2.051228778074542,14741,22640,1926,17018,14730,14730,0,0.6711372701252334,4784,7538,947,6430
2021-01-26,2021-01-27,Schleswig-Holstein,87065,86756,309,2.998340435013343,25564,26466,5939,21012,4408,4408,0,0.15180249971330403,1921,713,334,516
2021-01-26,2021-01-27,Thüringen,44118,44118,0,2.0679879515022654,14989,23187,1790,5700,2372,2372,0,0.11118517206046,355,1748,4,167
2021-01-27,2021-01-28,Baden-Württemberg,198902,195512,3390,1.7918463074373756,101428,66574,6324,39324,43654,43654,0,0.39326532013188,20493,14540,731,7618
2021-01-27,2021-01-28,Bayern,291334,281910,9424,2.2197320982508066,105283,149747,5956,81003,90355,90355,0,0.6884328425019107,33556,57151,1153,32749
2021-01-27,2021-01-28,Berlin,84111,82034,2077,2.2921707670082854,60931,23144,108,32362,24710,24710,0,0.6733903966517427,16417,6487,28,16936
2021-01-27,2021-01-28,Brandenburg,67643,67643,0,2.682231165239762,26888,37858,849,13307,4978,4978,0,0.19739140399691818,21,4957,0,21
2021-01-27,2021-01-28,Bremen,17595,16337,1258,2.5829342838100886,3718,7443,135,6263,3203,3203,0,0.47019826718066005,401,1145,12,1232
2021-01-27,2021-01-28,Hamburg,40819,40509,310,2.2097135584568006,15738,19620,1837,10673,6273,6273,0,0.33958531939046793,1975,3862,60,2030
2021-01-27,2021-01-28,Hessen,114788,114788,0,1.8254856808437552,43502,54609,4778,34713,35555,35555,0,0.5654349181308126,8273,19266,3043,13280
2021-01-27,2021-01-28,Mecklenburg-Vorpommern,53619,52117,1502,3.334228778873455,9545,23797,1130,19954,12718,12718,0,0.7908525263379138,1094,7397,148,4293
2021-01-27,2021-01-28,Niedersachsen,140982,139077,1905,1.7636841836627466,26946,77627,21942,60788,23668,23668,0,0.2960865731719644,5202,11467,4593,11815
2021-01-27,2021-01-28,Nordrhein-Westfalen,312109,312109,0,1.7390380382567308,0,160077,0,152060,72095,72095,0,0.4017056456818579,0,36598,0,36365
2021-01-27,2021-01-28,Rheinland-Pfalz,136803,132998,3805,3.341627781605964,51767,52923,84,30306,6174,6174,0,0.15080963080952334,17,3877,8,2272
2021-01-27,2021-01-28,Saarland,19527,18929,598,1.9786459847986648,13127,5144,1,5550,6288,6288,0,0.6371550136945769,4802,746,0,2265
2021-01-27,2021-01-28,Sachsen,79507,79141,366,1.95254337518612,8318,56074,152,20992,10518,10518,0,0.2583024289711297,758,8331,0,2017
2021-01-27,2021-01-28,Sachsen-Anhalt,46795,46220,575,2.1321024138160416,15600,23406,2021,17382,15735,15735,0,0.7169276948690121,5051,7961,1035,6956
2021-01-27,2021-01-28,Schleswig-Holstein,87351,87042,309,3.008189689758807,25678,26565,5961,21184,5610,5610,0,0.1931969200071769,2794,1042,334,525
2021-01-27,2021-01-28,Thüringen,46351,46351,0,2.1726576349807676,16265,23937,1886,6051,4547,4547,0,0.21313616246159844,631,3518,48,401
2021-01-28,2021-01-29,Baden-Württemberg,206594,202701,3893,1.8611411450800757,118254,68149,6504,40124,49003,49003,0,0.4414527988826343,25203,16270,832,8525
2021-01-28,2021-01-29,Bayern,302792,293223,9569,2.307032895211538,109803,154791,6266,83801,93015,93015,0,0.708699915282112,33980,46640,1167,33288
2021-01-28,2021-01-29,Berlin,86860,84651,2209,2.3670857892824917,63008,23366,108,32500,27010,27010,0,0.7360693894602821,18067,7240,28,17943
2021-01-28,2021-01-29,Brandenburg,70884,70421,463,2.810745737428194,28818,38944,973,14348,8362,8362,0,0.33157631985179387,50,8312,0,50
2021-01-28,2021-01-29,Bremen,18145,16888,1257,2.66367391757511,7647,7598,137,6379,3840,3840,0,0.5637094430139665,1362,1507,17,1478
2021-01-28,2021-01-29,Hamburg,42646,42236,410,2.3086171737168653,16329,20773,1838,10951,8041,8041,0,0.4352950029043125,2411,5101,93,2235
2021-01-28,2021-01-29,Hessen,119069,119069,0,1.8935668757394946,46771,55360,4811,34999,37816,37816,0,0.6013918397984758,8645,20794,3241,13971
2021-01-28,2021-01-29,Mecklenburg-Vorpommern,54907,53242,1665,3.414321407739883,9976,24278,1144,20161,14387,14387,0,0.8946371517867248,1313,871,0,0
2021-01-28,2021-01-29,Niedersachsen,143471,141566,1905,1.79482156242838,27616,78955,22487,62284,32691,32691,0,0.4089642624456941,6951,15942,6122,15858
2021-01-28,2021-01-29,Nordrhein-Westfalen,327867,323002,4865,1.8268399324887121,0,174953,0,152846,80651,80651,0,0.44937876454521847,0,40957,0,40562
2021-01-28,2021-01-29,Rheinland-Pfalz,138322,134517,3805,3.378731738392434,52012,55093,84,31133,10777,10777,0,0.26324512329676597,2480,5535,13,2749
2021-01-28,2021-01-29,Saarland,20345,19638,707,2.061532880664149,13584,5169,1,5688,7057,7057,0,0.7150768021060161,5393,884,0,2438
2021-01-28,2021-01-29,Sachsen,82046,81400,646,2.014896471512199,8710,57311,229,22030,12054,12054,0,0.2960237192258982,800,9739,0,2145
2021-01-28,2021-01-29,Sachsen-Anhalt,48228,47653,575,2.1973936363611513,16198,23870,2075,17645,17014,17014,0,0.7752022752145771,5443,8618,1088,7524
2021-01-28,2021-01-29,Schleswig-Holstein,88467,88125,342,3.0466224460383096,26019,26780,6051,22060,7536,7536,0,0.25952441874760873,4090,1529,817,1082
2021-01-28,2021-01-29,Thüringen,48838,48838,0,2.2892333191773795,17507,9098,1905,6380,7392,7392,0,0.3464927453081451,871,6059,48,497
2021-01-29,2021-01-30,Baden-Württemberg,217101,212738,4363,1.9557954429365298,126225,72290,7096,41822,54807,54807,0,0.4937392312380984,31093,18223,943,9241
2021-01-29,2021-01-30,Bayern,313523,303847,9676,2.3887945335590346,113482,159895,6582,86020,96180,96180,0,0.732814684210434,34542,48895,1188,33946
2021-01-29,2021-01-30,Berlin,91948,89606,2342,2.5057426220693824,65564,23607,108,32679,29642,29642,0,0.8077959586220542,19979,7850,28,19309
2021-01-29,2021-01-30,Brandenburg,73844,73154,690,2.9281178860482977,31554,38952,1068,16268,12772,12772,0,0.506444960194584,754,12014,1,754
2021-01-29,2021-01-30,Bremen,18525,17268,1257,2.7194576645400335,7852,7764,137,6387,4127,4127,0,0.6058408519058958,1409,1689,21,1571
2021-01-29,2021-01-30,Hamburg,44721,44201,520,2.4209461291983287,16898,22220,1838,11187,9021,9021,0,0.4883467505533892,2641,5730,105,2353
2021-01-29,2021-01-30,Hessen,123833,123833,0,1.9693292706199665,50192,56303,4895,35601,39954,39954,0,0.6353926794824494,8954,22282,3393,14682
2021-01-29,2021-01-30,Mecklenburg-Vorpommern,56274,54609,1665,3.499326550333367,10559,24768,1205,20395,14961,14961,0,0.9303306059554591,1318,987,0,0
2021-01-29,2021-01-30,Niedersachsen,147097,145192,1905,1.8401828060620433,28305,81151,23021,63814,41127,41127,0,0.5144985843689107,8984,20128,7663,19731
2021-01-29,2021-01-30,Nordrhein-Westfalen,333232,328367,4865,1.8567331399106304,0,180131,0,153129,84356,84356,0,0.47002262913015896,0,42631,0,41793
2021-01-29,2021-01-30,Rheinland-Pfalz,139931,136126,3805,3.4180340862985763,52078,55866,86,31901,15019,15019,0,0.36686262473732284,4255,7656,15,3093
2021-01-29,2021-01-30,Saarland,21029,20191,838,2.1308417275736735,13922,5510,1,5700,7919,7919,0,0.8024221618077855,6029,1011,0,2715
2021-01-29,2021-01-30,Sachsen,84339,83411,928,2.071208267445913,9337,57784,456,22307,13911,13911,0,0.3416281697487531,892,10902,8,2237
2021-01-29,2021-01-30,Sachsen-Anhalt,49587,49012,575,2.2593132256415442,16569,24824,2094,17748,19161,19161,0,0.8730252025030275,6127,9758,1302,8475
2021-01-29,2021-01-30,Schleswig-Holstein,89431,89033,398,3.0798206333621807,26277,26953,6128,22822,9786,9786,0,0.33700981447241224,5468,2123,1063,1877
2021-01-29,2021-01-30,Thüringen,51042,51042,0,2.3925436561172,18698,9593,2039,6613,8958,8958,0,0.4198974583969648,1050,7281,65,667
2021-01-31,2021-02-01,Baden-Württemberg,230919,225789,5130,2.0802775108703346,134496,76908,7687,43386,64589,64589,0,0.5818622293947404,37527,21280,1199,10585
2021-01-31,2021-02-01,Bayern,324861,315185,9676,2.475181026484569,117652,165208,6881,88536,115540,115540,0,0.8803224018888911,40199,58184,1535,40686
2021-01-31,2021-02-01,Berlin,97440,94822,2618,2.655409156201773,70467,24252,108,33012,32826,32826,0,0.8945654860578757,22515,8513,28,20815
2021-01-31,2021-02-01,Brandenburg,73844,73154,690,2.9281178860482977,31554,38952,1068,16268,12960,12960,0,0.5138996777420771,832,12124,1,754
2021-01-31,2021-02-01,Bremen,19415,18158,1257,2.85010907190525,8402,7996,139,6764,5241,5241,0,0.7693753101135933,1875,2200,23,2051
2021-01-31,2021-02-01,Hamburg,46374,45854,520,2.510430352528863,17916,22785,1840,11393,10745,10745,0,0.5816745188666631,3419,6497,129,2655
2021-01-31,2021-02-01,Hessen,130763,130763,0,2.0795377921400493,54562,57843,4993,36796,46133,46133,0,0.7336579687281333,10964,25521,3595,16941
2021-01-31,2021-02-01,Mecklenburg-Vorpommern,56289,54624,1665,3.5002593061043266,10559,24777,1205,20401,15033,15033,0,0.9348078336560668,1318,987,0,0
2021-01-31,2021-02-01,Niedersachsen,151609,149537,2072,1.8966279056966517,29442,83378,24136,66073,44761,44761,0,0.5599599079664652,9570,22228,8240,21258
2021-01-31,2021-02-01,Nordrhein-Westfalen,357397,352532,4865,1.9913779409079544,53909,195794,10173,154051,99196,99196,0,0.5527095253354266,19176,49280,3477,48473
2021-01-31,2021-02-01,Rheinland-Pfalz,141500,137695,3805,3.456359371484864,52078,56599,85,32738,17627,17627,0,0.4305671140718283,4330,9344,15,3938
2021-01-31,2021-02-01,Saarland,21589,20751,838,2.187585812762758,14253,5728,1,5717,8836,8836,0,0.8953406013049112,6741,1130,0,3029
2021-01-31,2021-02-01,Sachsen,89519,88476,1043,2.198419389529051,11599,59494,600,23358,16322,16322,0,0.40083782522026806,1170,12004,241,2641
2021-01-31,2021-02-01,Sachsen-Anhalt,50324,49749,575,2.2928928704536484,16822,25188,2118,18119,20181,20181,0,0.9194990664220866,6404,10135,1538,9041
2021-01-31,2021-02-01,Schleswig-Holstein,90151,89753,398,3.104615959994118,26576,27061,6128,23406,12892,12892,0,0.4439740985262967,7611,2953,1428,2402
2021-01-31,2021-02-01,Thüringen,53362,53362,0,2.5012913792117475,19706,10611,2119,6788,9680,9680,0,0.45374049980828524,1050,7981,65,667
2021-02-01,2021-02-02,Baden-Württemberg,238397,232766,5631,2.147644489015435,138565,79455,7937,45472,69808,69808,0,0.628878578544149,40954,22823,1276,11575
2021-02-01,2021-02-02,Bayern,331825,321822,10003,2.528241137327171,120160,168487,7107,89551,131297,131297,0,1.0003781409105568,44542,67217,1710,44554
2021-02-01,2021-02-02,Berlin,100283,97521,2762,2.7328858416603286,73051,24486,108,33152,34654,34654,0,0.9443816594726626,24060,8866,28,21594
2021-02-01,2021-02-02,Brandenburg,75399,74491,908,2.9897779168267644,32798,39427,1093,17209,14525,14525,0,0.5759562360496658,1822,12653,11,1385
2021-02-01,2021-02-02,Bremen,19764,18507,1257,2.901342039512509,8606,8081,147,6825,5918,5918,0,0.8687584593116285,2102,2549,23,2366
2021-02-01,2021-02-02,Hamburg,47605,47085,520,2.5770698437084687,18558,23337,1842,11701,12215,12215,0,0.6612521403402782,3960,7341,144,2928
2021-02-01,2021-02-02,Hessen,135211,135211,0,2.15027480566405,57107,59310,5129,37338,49344,49344,0,0.7847228406763271,11902,27146,3715,18573
2021-02-01,2021-02-02,Mecklenburg-Vorpommern,57239,55508,1731,3.559333838265124,10839,25234,1251,20627,16670,16670,0,1.03660258012683,1430,9656,151,5757
2021-02-01,2021-02-02,Niedersachsen,155283,153211,2072,1.942589629113662,30938,85046,24510,67500,52975,52975,0,0.6627170108917024,11011,26979,9215,24664
2021-02-01,2021-02-02,Nordrhein-Westfalen,363713,358848,4865,2.0265700188346707,54821,200072,10565,155896,118494,118494,0,0.6602359217619262,22887,59566,4339,56858
2021-02-01,2021-02-02,Rheinland-Pfalz,142618,138813,3805,3.483668274504794,52120,57179,86,33233,23446,23446,0,0.572705313242644,7757,11226,22,4441
2021-02-01,2021-02-02,Saarland,22252,21282,970,2.254766756477692,14568,6072,1,5726,9709,9709,0,0.9838005769657518,7426,1250,0,3301
2021-02-01,2021-02-02,Sachsen,92418,91320,1098,2.2696134132585915,12983,60467,950,23848,19799,19799,0,0.4862264490586991,1435,14210,408,2783
2021-02-01,2021-02-02,Sachsen-Anhalt,51791,51183,608,2.35973322179606,17502,25920,2162,18362,21896,21896,0,0.9976389454624651,6831,11186,1556,9497
2021-02-01,2021-02-02,Schleswig-Holstein,91476,91014,462,3.1502462485876133,26903,27328,6280,24445,14601,14601,0,0.5028285613234919,8767,3433,1461,2742
2021-02-01,2021-02-02,Thüringen,54937,54937,0,2.5751179584677444,20690,27111,2225,6936,11435,11435,0,0.5360044024078245,1592,8994,159,1122
2021-02-02,2021-02-03,Baden-Württemberg,245773,239884,5889,2.214092580857941,142557,82189,8282,47268,76041,76041,0,0.6850297385840538,44706,24742,1333,13056
2021-02-02,2021-02-03,Bayern,340112,329572,10540,2.5913814501578205,123008,172617,7344,90878,144734,144734,0,1.1027573352517464,48253,74313,2042,48344
2021-02-02,2021-02-03,Berlin,103404,100486,2918,2.8179385097279157,75899,24764,108,33503,36764,36764,0,1.0018828224404965,25851,9237,28,23175
2021-02-02,2021-02-03,Brandenburg,76097,74889,1208,3.0174555383594783,33344,39540,1141,17341,17458,17458,0,0.6922577603411406,3589,13746,84,2332
2021-02-02,2021-02-03,Bremen,20029,18772,1257,2.940243863053837,8779,8109,156,6931,6604,6604,0,0.9694628025167278,2301,2919,32,2660
2021-02-02,2021-02-03,Hamburg,49270,48717,553,2.667203680275523,19224,24269,1846,12005,13961,13961,0,0.7557708662538375,4619,8364,155,3170
2021-02-02,2021-02-03,Hessen,138721,138721,0,2.2060947061742215,58840,60483,5144,38103,51643,51643,0,0.8212840803552118,12421,28474,3978,19502
2021-02-02,2021-02-03,Mecklenburg-Vorpommern,58003,56272,1731,3.6068421988660178,11025,25561,1253,20869,17923,17923,0,1.1145187788610182,1541,10377,153,6253
2021-02-02,2021-02-03,Niedersachsen,159097,157025,2072,1.9903027518987673,32374,86647,25385,68824,61103,61103,0,0.7643982542051099,12377,31424,9904,28098
2021-02-02,2021-02-03,Nordrhein-Westfalen,379102,373805,5297,2.1123158844480714,55279,213954,10696,157272,135089,135089,0,0.7527014906653237,25856,68014,4947,64655
2021-02-02,2021-02-03,Rheinland-Pfalz,143381,139576,3805,3.5023057458860163,52153,57818,87,33323,29372,29372,0,0.7174571551890702,11246,13047,30,5049
2021-02-02,2021-02-03,Saarland,22888,21808,1080,2.3192118246567235,14878,6388,1,5743,10644,10644,0,1.0785429334868126,8105,1401,0,3628
2021-02-02,2021-02-03,Sachsen,95470,94232,1238,2.344564831134603,14395,61549,1352,24365,23985,23985,0,0.5890267882556138,2037,16963,643,3396
2021-02-02,2021-02-03,Sachsen-Anhalt,52824,52216,608,2.4067993996670283,18031,26323,2247,18722,24010,24010,0,1.093958306565299,7501,12321,1587,10177
2021-02-02,2021-02-03,Schleswig-Holstein,92616,92053,563,3.1895055157548473,27108,27549,6306,25348,17160,17160,0,0.5909552847278351,10186,4298,1860,3546
2021-02-02,2021-02-03,Thüringen,56774,56774,0,2.6612255305904533,21722,27739,2291,7051,13158,13158,0,0.6167683364129564,1953,10226,188,1532
2021-02-03,2021-02-04,Baden-Württemberg,253549,247365,6184,2.2841441483968947,146558,85288,8489,48863,82324,82318,6,0.7416313330860148,48671,26810,1386,14274
2021-02-03,2021-02-04,Bayern,350581,339384,11197,2.6711468580284694,126563,178237,7614,92457,160629,160629,0,1.2238645239138888,53921,81805,2276,52923
2021-02-03,2021-02-04,Berlin,106021,102939,3082,2.889256302849632,78328,25015,108,33613,39341,39341,0,1.0721105461220644,27914,9922,28,24194
2021-02-03,2021-02-04,Brandenburg,76861,75266,1595,3.047750241584397,33994,39631,1155,17536,20770,20769,1,0.823587677986338,4936,15687,111,3088
2021-02-03,2021-02-04,Bremen,20384,19127,1257,2.992357626665805,8985,8235,164,6957,7355,7355,0,1.0797091024395113,2584,3281,60,2998
2021-02-03,2021-02-04,Hamburg,50848,50110,738,2.7526278208778114,19746,25247,1853,12249,16033,16033,0,0.8679374184261712,5283,9659,166,3608
2021-02-03,2021-02-04,Hessen,143294,143294,0,2.278819607893029,61584,61677,5174,38902,53987,53987,0,0.8585609597842266,13001,29649,4097,20536
2021-02-03,2021-02-04,Mecklenburg-Vorpommern,59064,57333,1731,3.6728191237319185,11796,25782,1255,20937,19115,19094,21,1.1886417707933026,1611,11001,156,6805
2021-02-03,2021-02-04,Niedersachsen,164196,161515,2681,2.0540912188838885,34232,89125,26068,70489,68225,68225,0,0.8534944420592053,13557,35527,10634,30939
2021-02-03,2021-02-04,Nordrhein-Westfalen,393599,388302,5297,2.1930916212599154,55916,226519,11257,158878,149823,149823,0,0.8347977661834107,28894,75704,5293,71142
2021-02-03,2021-02-04,Rheinland-Pfalz,144075,140270,3805,3.51925778407549,52279,58140,89,33567,36007,36007,0,0.8795274338449153,14863,14941,38,6165
2021-02-03,2021-02-04,Saarland,23632,22442,1190,2.3946003949793644,15291,6675,1,5861,11582,11582,0,1.1735892761785292,8792,1538,0,3962
2021-02-03,2021-02-04,Sachsen,98202,96320,1882,2.4116576468742044,15375,62163,1675,24689,28368,28368,0,0.6966650793927559,2712,19757,1001,3965
2021-02-03,2021-02-04,Sachsen-Anhalt,54328,53416,912,2.4753255676417973,18545,27123,2315,18979,26299,26299,0,1.1982511247130694,8201,13519,1750,10820
2021-02-03,2021-02-04,Schleswig-Holstein,93628,93065,563,3.2243567248541813,27267,27826,6371,26067,20800,20800,0,0.7163094360337395,11616,6170,2083,4466
2021-02-03,2021-02-04,Thüringen,59427,58863,564,2.7855823018705546,23607,28317,2407,7197,15675,15675,0,0.7347502411668255,3344,11277,275,1841
2021-02-04,2021-02-05,Baden-Württemberg,259979,253592,6387,2.3420700202173004,149857,87919,8785,50207,89261,89253,8,0.8041246103516687,52900,29219,1488,15854
2021-02-04,2021-02-05,Bayern,359964,348559,11405,2.7426378143805854,130068,183541,7895,93476,173079,173079,0,1.3187235675655824,57815,88311,2501,56218
2021-02-04,2021-02-05,Berlin,108465,105228,3237,2.9558595456427064,80459,25295,148,33896,41553,41553,0,1.132391386162277,29661,10333,30,25013
2021-02-04,2021-02-05,Brandenburg,77381,75401,1980,3.0683696730987395,34426,39708,1167,17536,24083,24082,1,0.9549572483844477,6664,17237,177,4287
2021-02-04,2021-02-05,Bremen,20778,19521,1257,3.050196564308384,9244,8320,173,7031,8208,8208,0,1.2049289344423535,2934,3621,63,3434
2021-02-04,2021-02-05,Hamburg,52070,51036,1034,2.8187801021300274,20214,25953,1855,12403,17748,17748,0,0.9607779768120556,5925,10628,173,3977
2021-02-04,2021-02-05,Hessen,147967,147967,0,2.3531348201676825,64621,62956,5235,39412,57004,57004,0,0.9065406292540807,13623,31160,4387,21821
2021-02-04,2021-02-05,Mecklenburg-Vorpommern,60083,58352,1731,3.736184332439132,12264,26152,1256,21117,20459,20459,0,1.2722166878713146,1667,11831,156,7270
2021-02-04,2021-02-05,Niedersachsen,170397,167161,3236,2.1316657008950153,36751,91756,27027,72566,75341,75341,0,0.9425155699403824,14685,39794,11243,33757
2021-02-04,2021-02-05,Nordrhein-Westfalen,413149,406845,6304,2.3020221347917875,56626,244259,11394,160500,169878,169878,0,0.9465420858193031,32634,86300,5991,80229
2021-02-04,2021-02-05,Rheinland-Pfalz,144633,140828,3805,3.5328878090174585,52395,58302,93,33843,43009,43009,0,1.050562262955424,18227,17402,39,7341
2021-02-04,2021-02-05,Saarland,24022,22788,1234,2.4341185971646198,15548,6788,1,5923,12511,12511,0,1.267723660358278,9499,1668,0,4288
2021-02-04,2021-02-05,Sachsen,100862,98666,2196,2.476982277133113,16314,62981,2040,25219,32255,32255,0,0.7921225372184626,3400,22010,1377,4522
2021-02-04,2021-02-05,Sachsen-Anhalt,55706,54378,1328,2.5381108465442126,19328,27699,2329,19091,28078,28078,0,1.2793070109013105,8802,14289,1800,11607
2021-02-04,2021-02-05,Schleswig-Holstein,95087,94332,755,3.2746016992375093,27772,28128,6387,27207,23652,23652,0,0.8145264798591351,13119,7292,2407,5300
2021-02-04,2021-02-05,Thüringen,62457,61314,1143,2.9276105781535198,25582,29120,2499,7512,18279,18279,0,0.8568101855367404,4570,12537,351,2133
2021-02-05,2021-02-06,Baden-Württemberg,269728,262064,7664,2.4298957316289855,154667,92072,9113,51870,96158,96150,8,0.8662575400476775,57142,31510,1583,17543
2021-02-05,2021-02-06,Bayern,368547,356981,11566,2.808033410498054,133787,187528,8159,94361,184229,184229,0,1.403677650835975,61472,94079,2700,59061
2021-02-05,2021-02-06,Berlin,111227,107831,3396,3.031128840484961,82867,25692,148,34346,44083,44083,0,1.2013382782516704,31778,10799,30,26021
2021-02-05,2021-02-06,Brandenburg,78049,75692,2357,3.0948577120440874,34973,39806,1192,17662,27628,27628,0,1.0955262574581872,8554,18786,255,5233
2021-02-05,2021-02-06,Bremen,21290,20033,1257,3.1253578233769135,9580,8460,178,7132,8834,8834,0,1.2968253176003595,3110,3911,64,3699
2021-02-05,2021-02-06,Hamburg,53886,52332,1554,2.9170882385899497,20811,27098,1856,12741,19776,19776,0,1.0705626137838185,6775,11494,177,4797
2021-02-05,2021-02-06,Hessen,152473,152473,0,2.4247942138140735,67731,64137,5295,39883,61238,61238,0,0.9738743781885727,14563,33588,4721,23182
2021-02-05,2021-02-06,Mecklenburg-Vorpommern,61425,59694,1731,3.8196348820810155,12727,26657,1271,21498,21115,21115,0,1.3130092069212966,1682,12310,158,7439
2021-02-05,2021-02-06,Niedersachsen,176285,172700,3585,2.2053245543189006,39017,94335,27352,73950,82503,82503,0,1.0321121576139336,15890,44166,12473,36620
2021-02-05,2021-02-06,Nordrhein-Westfalen,426777,418882,7895,2.3779558963474066,57037,256454,11593,161821,180974,180974,0,1.008367813601894,33999,92268,6435,85144
2021-02-05,2021-02-06,Rheinland-Pfalz,145593,141788,3805,3.5563373142939634,52459,58769,90,34275,49620,49620,0,1.2120463039793565,21690,19625,39,8266
2021-02-05,2021-02-06,Saarland,24516,23174,1342,2.4841749865992764,15867,6850,0,6131,13545,13545,0,1.3724975605109804,10319,1767,0,4708
2021-02-05,2021-02-06,Sachsen,104150,101882,2268,2.557729414084727,17890,63887,2239,25668,35939,35939,0,0.8825946943138839,4136,24092,1870,4942
2021-02-05,2021-02-06,Sachsen-Anhalt,57355,55809,1546,2.6132435932133578,19941,28696,2378,19308,29172,29172,0,1.3291525080850854,9251,14883,1823,11836
2021-02-05,2021-02-06,Schleswig-Holstein,96209,95248,961,3.3132410832389443,28056,28542,6390,27898,27920,27920,0,0.9615076660606734,14699,9665,2561,6336
2021-02-05,2021-02-06,Thüringen,65341,63489,1852,3.062795247724501,27465,29894,2603,7818,20537,20537,0,0.9626517194796234,5801,13396,500,2485
2021-02-07,2021-02-08,Baden-Württemberg,285065,274937,10128,2.5680619985200526,162682,98387,9523,54383,106642,106633,9,0.9607046380515862,63736,34991,1809,19831
2021-02-07,2021-02-08,Bayern,384576,372584,11992,2.9301615719995,140722,194676,8925,96010,196692,196692,0,1.4986357440914815,65588,100063,3173,62470
2021-02-07,2021-02-08,Berlin,118021,114342,3679,3.2162771348941854,87035,28396,148,34597,53015,53015,0,1.4447507842368328,34815,16667,30,27177
2021-02-07,2021-02-08,Brandenburg,78306,75949,2357,3.1050484695425222,34973,40063,1192,17662,27991,27990,1,1.1099202067653147,8785,18918,255,5464
2021-02-07,2021-02-08,Bremen,22090,20833,1257,3.24279729067149,10172,8594,180,7290,9505,9505,0,1.3953276707936852,3372,4256,70,3958
2021-02-07,2021-02-08,Hamburg,54863,53259,1604,2.9699775829298964,21450,27420,1860,12777,22875,22875,0,1.2383252321149296,8236,12839,182,5892
2021-02-07,2021-02-08,Hessen,159685,158980,705,2.5394874111016397,72597,65856,5304,40860,63607,63607,0,1.011548835256549,15149,34995,4792,23986
2021-02-07,2021-02-08,Mecklenburg-Vorpommern,61425,59694,1731,3.8196348820810155,12727,26657,1271,21498,21115,21115,0,1.3130092069212966,1682,12310,158,7439
2021-02-07,2021-02-08,Niedersachsen,179573,175379,4194,2.246457419478163,39823,96074,28490,75426,85544,85544,0,1.0701550538880567,16891,45398,13627,38187
2021-02-07,2021-02-08,Nordrhein-Westfalen,449541,439277,10264,2.504794474866053,57791,276136,11852,164640,199283,199283,0,1.1103836075791345,13528,128539,4090,68420
2021-02-07,2021-02-08,Rheinland-Pfalz,146797,142992,3805,3.5857469021615804,52463,59253,88,34993,54278,54278,0,1.325825257706399,21961,21943,39,10335
2021-02-07,2021-02-08,Saarland,24898,23556,1342,2.522882558996116,16155,6927,0,6221,14560,14560,0,1.475346214916196,11116,1885,0,5102
2021-02-07,2021-02-08,Sachsen,108634,106239,2395,2.6678480765211736,19854,65449,2442,26698,42097,42097,0,1.033823669176426,6361,26484,2417,5685
2021-02-07,2021-02-08,Sachsen-Anhalt,57485,55939,1546,2.6191667327324537,19963,28796,2386,19338,29498,29498,0,1.3440059194945102,9413,14998,1872,12047
2021-02-07,2021-02-08,Schleswig-Holstein,97831,96794,1037,3.369099444068114,28449,29255,6442,29062,32852,32852,0,1.131355653489443,17907,10748,3258,8445
2021-02-07,2021-02-08,Thüringen,66431,64579,1852,3.113887927971508,27724,30384,2647,8356,22360,22360,0,1.0481030553422788,6726,14162,564,2793
